"LOCATION","INDICATOR","SUBJECT","MEASURE","FREQUENCY","TIME","Value","Flag Codes"
"AUS","DEATHCANCER","TOT","100000PER","A","1990",261.4,
"AUS","DEATHCANCER","TOT","100000PER","A","1991",262.3,
"AUS","DEATHCANCER","TOT","100000PER","A","1992",261.8,
"AUS","DEATHCANCER","TOT","100000PER","A","1993",261.5,
"AUS","DEATHCANCER","TOT","100000PER","A","1994",265.2,
"AUS","DEATHCANCER","TOT","100000PER","A","1995",256.1,
"AUS","DEATHCANCER","TOT","100000PER","A","1996",257,
"AUS","DEATHCANCER","TOT","100000PER","A","1997",248.8,
"AUS","DEATHCANCER","TOT","100000PER","A","1998",247.7,"B"
"AUS","DEATHCANCER","TOT","100000PER","A","1999",241.7,
"AUS","DEATHCANCER","TOT","100000PER","A","2000",240.5,
"AUS","DEATHCANCER","TOT","100000PER","A","2001",238.8,
"AUS","DEATHCANCER","TOT","100000PER","A","2002",237.2,
"AUS","DEATHCANCER","TOT","100000PER","A","2003",231,
"AUS","DEATHCANCER","TOT","100000PER","A","2004",230.7,
"AUS","DEATHCANCER","TOT","100000PER","A","2006",229.4,
"AUS","DEATHCANCER","TOT","100000PER","A","2007",220.5,
"AUS","DEATHCANCER","TOT","100000PER","A","2008",226,
"AUS","DEATHCANCER","TOT","100000PER","A","2009",218.2,
"AUS","DEATHCANCER","TOT","100000PER","A","2010",219.3,
"AUS","DEATHCANCER","TOT","100000PER","A","2011",216.9,
"AUS","DEATHCANCER","TOT","100000PER","A","2012",209.9,
"AUS","DEATHCANCER","TOT","100000PER","A","2013",209.1,
"AUS","DEATHCANCER","TOT","100000PER","A","2014",204.1,
"AUS","DEATHCANCER","TOT","100000PER","A","2015",207,
"AUS","DEATHCANCER","TOT","100000PER","A","2016",201.2,
"AUS","DEATHCANCER","TOT","100000PER","A","2017",195.7,
"AUS","DEATHCANCER","TOT","100000PER","A","2018",196,
"AUS","DEATHCANCER","TOT","100000PER","A","2019",198.9,
"AUS","DEATHCANCER","TOT","100000PER","A","2020",188,
"AUS","DEATHCANCER","TOT","100000PER","A","2021",190.6,
"AUT","DEATHCANCER","TOT","100000PER","A","1990",283.1,
"AUT","DEATHCANCER","TOT","100000PER","A","1991",281.1,
"AUT","DEATHCANCER","TOT","100000PER","A","1992",279.7,
"AUT","DEATHCANCER","TOT","100000PER","A","1993",280.1,
"AUT","DEATHCANCER","TOT","100000PER","A","1994",270.3,
"AUT","DEATHCANCER","TOT","100000PER","A","1995",268.9,
"AUT","DEATHCANCER","TOT","100000PER","A","1996",261.8,
"AUT","DEATHCANCER","TOT","100000PER","A","1997",260.3,
"AUT","DEATHCANCER","TOT","100000PER","A","1998",255,
"AUT","DEATHCANCER","TOT","100000PER","A","1999",252.2,
"AUT","DEATHCANCER","TOT","100000PER","A","2000",249.2,
"AUT","DEATHCANCER","TOT","100000PER","A","2001",242,
"AUT","DEATHCANCER","TOT","100000PER","A","2002",239.7,"B"
"AUT","DEATHCANCER","TOT","100000PER","A","2003",245,
"AUT","DEATHCANCER","TOT","100000PER","A","2004",242.4,
"AUT","DEATHCANCER","TOT","100000PER","A","2005",235.4,
"AUT","DEATHCANCER","TOT","100000PER","A","2006",230.2,
"AUT","DEATHCANCER","TOT","100000PER","A","2007",224.8,
"AUT","DEATHCANCER","TOT","100000PER","A","2008",230.3,
"AUT","DEATHCANCER","TOT","100000PER","A","2009",224.5,
"AUT","DEATHCANCER","TOT","100000PER","A","2010",221.6,
"AUT","DEATHCANCER","TOT","100000PER","A","2011",220.5,
"AUT","DEATHCANCER","TOT","100000PER","A","2012",219.5,
"AUT","DEATHCANCER","TOT","100000PER","A","2013",214.4,
"AUT","DEATHCANCER","TOT","100000PER","A","2014",214.4,
"AUT","DEATHCANCER","TOT","100000PER","A","2015",208.9,
"AUT","DEATHCANCER","TOT","100000PER","A","2016",203.7,
"AUT","DEATHCANCER","TOT","100000PER","A","2017",200.9,
"AUT","DEATHCANCER","TOT","100000PER","A","2018",200.8,
"AUT","DEATHCANCER","TOT","100000PER","A","2019",196.6,
"AUT","DEATHCANCER","TOT","100000PER","A","2020",196.6,
"AUT","DEATHCANCER","TOT","100000PER","A","2021",191.9,
"BEL","DEATHCANCER","TOT","100000PER","A","1990",301.5,
"BEL","DEATHCANCER","TOT","100000PER","A","1991",299.3,
"BEL","DEATHCANCER","TOT","100000PER","A","1992",300,
"BEL","DEATHCANCER","TOT","100000PER","A","1993",301.3,
"BEL","DEATHCANCER","TOT","100000PER","A","1994",298.7,
"BEL","DEATHCANCER","TOT","100000PER","A","1995",298.7,
"BEL","DEATHCANCER","TOT","100000PER","A","1996",288.8,
"BEL","DEATHCANCER","TOT","100000PER","A","1997",290.1,
"BEL","DEATHCANCER","TOT","100000PER","A","1998",281.2,"B"
"BEL","DEATHCANCER","TOT","100000PER","A","1999",272.5,
"BEL","DEATHCANCER","TOT","100000PER","A","2000",263.3,
"BEL","DEATHCANCER","TOT","100000PER","A","2001",259.9,
"BEL","DEATHCANCER","TOT","100000PER","A","2002",257.8,
"BEL","DEATHCANCER","TOT","100000PER","A","2003",250,
"BEL","DEATHCANCER","TOT","100000PER","A","2004",244.8,
"BEL","DEATHCANCER","TOT","100000PER","A","2005",245.2,
"BEL","DEATHCANCER","TOT","100000PER","A","2006",239.8,
"BEL","DEATHCANCER","TOT","100000PER","A","2007",239.3,
"BEL","DEATHCANCER","TOT","100000PER","A","2008",241,
"BEL","DEATHCANCER","TOT","100000PER","A","2009",235.2,
"BEL","DEATHCANCER","TOT","100000PER","A","2010",235.9,
"BEL","DEATHCANCER","TOT","100000PER","A","2011",232.2,
"BEL","DEATHCANCER","TOT","100000PER","A","2012",225,
"BEL","DEATHCANCER","TOT","100000PER","A","2013",222.9,
"BEL","DEATHCANCER","TOT","100000PER","A","2014",216.9,
"BEL","DEATHCANCER","TOT","100000PER","A","2015",214.8,
"BEL","DEATHCANCER","TOT","100000PER","A","2016",210.9,
"BEL","DEATHCANCER","TOT","100000PER","A","2017",204.1,
"BEL","DEATHCANCER","TOT","100000PER","A","2018",196.9,
"CAN","DEATHCANCER","TOT","100000PER","A","1990",279.5,
"CAN","DEATHCANCER","TOT","100000PER","A","1991",278.4,
"CAN","DEATHCANCER","TOT","100000PER","A","1992",271.5,
"CAN","DEATHCANCER","TOT","100000PER","A","1993",270.9,
"CAN","DEATHCANCER","TOT","100000PER","A","1994",269.7,
"CAN","DEATHCANCER","TOT","100000PER","A","1995",265.1,
"CAN","DEATHCANCER","TOT","100000PER","A","1996",269.4,
"CAN","DEATHCANCER","TOT","100000PER","A","1997",260.9,
"CAN","DEATHCANCER","TOT","100000PER","A","1998",262.9,
"CAN","DEATHCANCER","TOT","100000PER","A","1999",261.7,
"CAN","DEATHCANCER","TOT","100000PER","A","2000",259.4,"B"
"CAN","DEATHCANCER","TOT","100000PER","A","2001",258.7,
"CAN","DEATHCANCER","TOT","100000PER","A","2002",257.5,
"CAN","DEATHCANCER","TOT","100000PER","A","2003",254.2,
"CAN","DEATHCANCER","TOT","100000PER","A","2004",251.2,
"CAN","DEATHCANCER","TOT","100000PER","A","2005",246.6,
"CAN","DEATHCANCER","TOT","100000PER","A","2006",241.6,
"CAN","DEATHCANCER","TOT","100000PER","A","2007",241.2,
"CAN","DEATHCANCER","TOT","100000PER","A","2008",237.1,
"CAN","DEATHCANCER","TOT","100000PER","A","2009",232.9,
"CAN","DEATHCANCER","TOT","100000PER","A","2010",229,
"CAN","DEATHCANCER","TOT","100000PER","A","2011",226.8,
"CAN","DEATHCANCER","TOT","100000PER","A","2012",223.5,
"CAN","DEATHCANCER","TOT","100000PER","A","2013",220.7,
"CAN","DEATHCANCER","TOT","100000PER","A","2014",227.2,
"CAN","DEATHCANCER","TOT","100000PER","A","2015",213.9,
"CAN","DEATHCANCER","TOT","100000PER","A","2016",213.6,
"CAN","DEATHCANCER","TOT","100000PER","A","2017",209.5,
"CAN","DEATHCANCER","TOT","100000PER","A","2018",204,
"CAN","DEATHCANCER","TOT","100000PER","A","2019",200.3,
"CZE","DEATHCANCER","TOT","100000PER","A","1990",347.5,
"CZE","DEATHCANCER","TOT","100000PER","A","1991",345.6,
"CZE","DEATHCANCER","TOT","100000PER","A","1992",341.8,
"CZE","DEATHCANCER","TOT","100000PER","A","1993",342.5,
"CZE","DEATHCANCER","TOT","100000PER","A","1994",339.8,"B"
"CZE","DEATHCANCER","TOT","100000PER","A","1995",343.3,
"CZE","DEATHCANCER","TOT","100000PER","A","1996",330.7,
"CZE","DEATHCANCER","TOT","100000PER","A","1997",328.5,
"CZE","DEATHCANCER","TOT","100000PER","A","1998",326.5,
"CZE","DEATHCANCER","TOT","100000PER","A","1999",323.3,
"CZE","DEATHCANCER","TOT","100000PER","A","2000",325.8,
"CZE","DEATHCANCER","TOT","100000PER","A","2001",320.6,
"CZE","DEATHCANCER","TOT","100000PER","A","2002",324.5,
"CZE","DEATHCANCER","TOT","100000PER","A","2003",325.1,
"CZE","DEATHCANCER","TOT","100000PER","A","2004",321.1,
"CZE","DEATHCANCER","TOT","100000PER","A","2005",301.7,
"CZE","DEATHCANCER","TOT","100000PER","A","2006",295.1,
"CZE","DEATHCANCER","TOT","100000PER","A","2007",283.5,
"CZE","DEATHCANCER","TOT","100000PER","A","2008",278.8,
"CZE","DEATHCANCER","TOT","100000PER","A","2009",275.1,
"CZE","DEATHCANCER","TOT","100000PER","A","2010",272.1,
"CZE","DEATHCANCER","TOT","100000PER","A","2011",260.7,
"CZE","DEATHCANCER","TOT","100000PER","A","2012",257.3,
"CZE","DEATHCANCER","TOT","100000PER","A","2013",250.1,
"CZE","DEATHCANCER","TOT","100000PER","A","2014",245.6,
"CZE","DEATHCANCER","TOT","100000PER","A","2015",239.9,
"CZE","DEATHCANCER","TOT","100000PER","A","2016",239.2,
"CZE","DEATHCANCER","TOT","100000PER","A","2017",234.6,
"CZE","DEATHCANCER","TOT","100000PER","A","2018",234.2,
"CZE","DEATHCANCER","TOT","100000PER","A","2019",234.3,
"CZE","DEATHCANCER","TOT","100000PER","A","2020",229.3,
"CZE","DEATHCANCER","TOT","100000PER","A","2021",220.9,
"DNK","DEATHCANCER","TOT","100000PER","A","1990",317.9,
"DNK","DEATHCANCER","TOT","100000PER","A","1991",313.8,
"DNK","DEATHCANCER","TOT","100000PER","A","1992",316.4,
"DNK","DEATHCANCER","TOT","100000PER","A","1993",322.1,
"DNK","DEATHCANCER","TOT","100000PER","A","1994",324.4,"B"
"DNK","DEATHCANCER","TOT","100000PER","A","1995",324.6,
"DNK","DEATHCANCER","TOT","100000PER","A","1996",313.1,
"DNK","DEATHCANCER","TOT","100000PER","A","1997",312.5,
"DNK","DEATHCANCER","TOT","100000PER","A","1998",308.9,
"DNK","DEATHCANCER","TOT","100000PER","A","1999",311.8,
"DNK","DEATHCANCER","TOT","100000PER","A","2000",310.3,
"DNK","DEATHCANCER","TOT","100000PER","A","2001",306.9,
"DNK","DEATHCANCER","TOT","100000PER","A","2002",294.9,
"DNK","DEATHCANCER","TOT","100000PER","A","2003",292.2,
"DNK","DEATHCANCER","TOT","100000PER","A","2004",294.7,
"DNK","DEATHCANCER","TOT","100000PER","A","2005",293.1,
"DNK","DEATHCANCER","TOT","100000PER","A","2006",295.6,
"DNK","DEATHCANCER","TOT","100000PER","A","2007",281.9,
"DNK","DEATHCANCER","TOT","100000PER","A","2008",279,
"DNK","DEATHCANCER","TOT","100000PER","A","2009",270.6,
"DNK","DEATHCANCER","TOT","100000PER","A","2010",274.4,
"DNK","DEATHCANCER","TOT","100000PER","A","2011",268.1,
"DNK","DEATHCANCER","TOT","100000PER","A","2012",267.7,
"DNK","DEATHCANCER","TOT","100000PER","A","2013",259.1,
"DNK","DEATHCANCER","TOT","100000PER","A","2014",254,
"DNK","DEATHCANCER","TOT","100000PER","A","2015",250.7,
"DNK","DEATHCANCER","TOT","100000PER","A","2016",253.8,
"DNK","DEATHCANCER","TOT","100000PER","A","2017",243.6,
"DNK","DEATHCANCER","TOT","100000PER","A","2018",234.3,
"DNK","DEATHCANCER","TOT","100000PER","A","2019",241.3,
"DNK","DEATHCANCER","TOT","100000PER","A","2020",231.1,
"FIN","DEATHCANCER","TOT","100000PER","A","1990",242.9,
"FIN","DEATHCANCER","TOT","100000PER","A","1991",234.2,
"FIN","DEATHCANCER","TOT","100000PER","A","1992",239.1,
"FIN","DEATHCANCER","TOT","100000PER","A","1993",239,
"FIN","DEATHCANCER","TOT","100000PER","A","1994",228.3,
"FIN","DEATHCANCER","TOT","100000PER","A","1995",230.6,
"FIN","DEATHCANCER","TOT","100000PER","A","1996",227.2,"B"
"FIN","DEATHCANCER","TOT","100000PER","A","1997",225,
"FIN","DEATHCANCER","TOT","100000PER","A","1998",223.4,
"FIN","DEATHCANCER","TOT","100000PER","A","1999",218.8,
"FIN","DEATHCANCER","TOT","100000PER","A","2000",216,
"FIN","DEATHCANCER","TOT","100000PER","A","2001",214,
"FIN","DEATHCANCER","TOT","100000PER","A","2002",207.7,
"FIN","DEATHCANCER","TOT","100000PER","A","2003",208.7,
"FIN","DEATHCANCER","TOT","100000PER","A","2004",205.9,
"FIN","DEATHCANCER","TOT","100000PER","A","2005",202.6,
"FIN","DEATHCANCER","TOT","100000PER","A","2006",201.5,
"FIN","DEATHCANCER","TOT","100000PER","A","2007",198.2,
"FIN","DEATHCANCER","TOT","100000PER","A","2008",196.1,
"FIN","DEATHCANCER","TOT","100000PER","A","2009",192.3,
"FIN","DEATHCANCER","TOT","100000PER","A","2010",198.3,
"FIN","DEATHCANCER","TOT","100000PER","A","2011",194.1,
"FIN","DEATHCANCER","TOT","100000PER","A","2012",192.1,
"FIN","DEATHCANCER","TOT","100000PER","A","2013",191.3,
"FIN","DEATHCANCER","TOT","100000PER","A","2014",187.5,
"FIN","DEATHCANCER","TOT","100000PER","A","2016",188.4,
"FIN","DEATHCANCER","TOT","100000PER","A","2017",185.9,
"FIN","DEATHCANCER","TOT","100000PER","A","2018",182.2,
"FIN","DEATHCANCER","TOT","100000PER","A","2019",183.3,
"FIN","DEATHCANCER","TOT","100000PER","A","2020",181,
"FRA","DEATHCANCER","TOT","100000PER","A","1990",275,
"FRA","DEATHCANCER","TOT","100000PER","A","1991",274.3,
"FRA","DEATHCANCER","TOT","100000PER","A","1992",273.8,
"FRA","DEATHCANCER","TOT","100000PER","A","1993",273.5,
"FRA","DEATHCANCER","TOT","100000PER","A","1994",265.8,
"FRA","DEATHCANCER","TOT","100000PER","A","1995",264.9,
"FRA","DEATHCANCER","TOT","100000PER","A","1996",263.5,
"FRA","DEATHCANCER","TOT","100000PER","A","1997",258,
"FRA","DEATHCANCER","TOT","100000PER","A","1998",263,
"FRA","DEATHCANCER","TOT","100000PER","A","1999",260.6,
"FRA","DEATHCANCER","TOT","100000PER","A","2000",256.5,"B"
"FRA","DEATHCANCER","TOT","100000PER","A","2001",254.6,
"FRA","DEATHCANCER","TOT","100000PER","A","2002",253.4,
"FRA","DEATHCANCER","TOT","100000PER","A","2003",250.4,
"FRA","DEATHCANCER","TOT","100000PER","A","2004",244.6,
"FRA","DEATHCANCER","TOT","100000PER","A","2005",243.8,
"FRA","DEATHCANCER","TOT","100000PER","A","2006",237.3,
"FRA","DEATHCANCER","TOT","100000PER","A","2007",233.3,
"FRA","DEATHCANCER","TOT","100000PER","A","2008",231.5,
"FRA","DEATHCANCER","TOT","100000PER","A","2009",229.7,
"FRA","DEATHCANCER","TOT","100000PER","A","2010",225.1,
"FRA","DEATHCANCER","TOT","100000PER","A","2011",220.6,
"FRA","DEATHCANCER","TOT","100000PER","A","2012",218.1,
"FRA","DEATHCANCER","TOT","100000PER","A","2013",212.9,
"FRA","DEATHCANCER","TOT","100000PER","A","2014",213.5,
"FRA","DEATHCANCER","TOT","100000PER","A","2015",214.5,
"FRA","DEATHCANCER","TOT","100000PER","A","2016",213.6,
"FRA","DEATHCANCER","TOT","100000PER","A","2017",209.5,
"DEU","DEATHCANCER","TOT","100000PER","A","1990",279,
"DEU","DEATHCANCER","TOT","100000PER","A","1991",284,
"DEU","DEATHCANCER","TOT","100000PER","A","1992",284.2,
"DEU","DEATHCANCER","TOT","100000PER","A","1993",282.9,
"DEU","DEATHCANCER","TOT","100000PER","A","1994",277.9,
"DEU","DEATHCANCER","TOT","100000PER","A","1995",274.7,
"DEU","DEATHCANCER","TOT","100000PER","A","1996",271.3,
"DEU","DEATHCANCER","TOT","100000PER","A","1997",264.8,
"DEU","DEATHCANCER","TOT","100000PER","A","1998",265.6,"B"
"DEU","DEATHCANCER","TOT","100000PER","A","1999",259.3,
"DEU","DEATHCANCER","TOT","100000PER","A","2000",254.8,
"DEU","DEATHCANCER","TOT","100000PER","A","2001",246.8,
"DEU","DEATHCANCER","TOT","100000PER","A","2002",246.3,
"DEU","DEATHCANCER","TOT","100000PER","A","2003",242.2,
"DEU","DEATHCANCER","TOT","100000PER","A","2004",238.1,
"DEU","DEATHCANCER","TOT","100000PER","A","2005",236,
"DEU","DEATHCANCER","TOT","100000PER","A","2006",231.6,
"DEU","DEATHCANCER","TOT","100000PER","A","2007",227.7,
"DEU","DEATHCANCER","TOT","100000PER","A","2008",228.5,
"DEU","DEATHCANCER","TOT","100000PER","A","2009",224.8,
"DEU","DEATHCANCER","TOT","100000PER","A","2010",223.7,
"DEU","DEATHCANCER","TOT","100000PER","A","2011",222.7,
"DEU","DEATHCANCER","TOT","100000PER","A","2012",219,
"DEU","DEATHCANCER","TOT","100000PER","A","2013",222.5,
"DEU","DEATHCANCER","TOT","100000PER","A","2014",218.3,
"DEU","DEATHCANCER","TOT","100000PER","A","2015",216.9,
"DEU","DEATHCANCER","TOT","100000PER","A","2016",217.8,
"DEU","DEATHCANCER","TOT","100000PER","A","2017",211.8,
"DEU","DEATHCANCER","TOT","100000PER","A","2018",211.4,
"DEU","DEATHCANCER","TOT","100000PER","A","2019",209.2,
"DEU","DEATHCANCER","TOT","100000PER","A","2020",206.2,
"GRC","DEATHCANCER","TOT","100000PER","A","1990",218.3,
"GRC","DEATHCANCER","TOT","100000PER","A","1991",219.5,
"GRC","DEATHCANCER","TOT","100000PER","A","1992",221.6,
"GRC","DEATHCANCER","TOT","100000PER","A","1993",223.7,
"GRC","DEATHCANCER","TOT","100000PER","A","1994",226.8,
"GRC","DEATHCANCER","TOT","100000PER","A","1995",229.1,
"GRC","DEATHCANCER","TOT","100000PER","A","1996",229.6,
"GRC","DEATHCANCER","TOT","100000PER","A","1997",228.5,
"GRC","DEATHCANCER","TOT","100000PER","A","1998",224.6,
"GRC","DEATHCANCER","TOT","100000PER","A","1999",231.6,
"GRC","DEATHCANCER","TOT","100000PER","A","2000",231.9,
"GRC","DEATHCANCER","TOT","100000PER","A","2001",235.8,
"GRC","DEATHCANCER","TOT","100000PER","A","2002",230.8,
"GRC","DEATHCANCER","TOT","100000PER","A","2003",230.9,
"GRC","DEATHCANCER","TOT","100000PER","A","2004",233.3,
"GRC","DEATHCANCER","TOT","100000PER","A","2005",231.3,
"GRC","DEATHCANCER","TOT","100000PER","A","2006",222.6,
"GRC","DEATHCANCER","TOT","100000PER","A","2007",227.5,
"GRC","DEATHCANCER","TOT","100000PER","A","2008",226.7,
"GRC","DEATHCANCER","TOT","100000PER","A","2009",220.5,
"GRC","DEATHCANCER","TOT","100000PER","A","2010",213.1,
"GRC","DEATHCANCER","TOT","100000PER","A","2011",209.9,
"GRC","DEATHCANCER","TOT","100000PER","A","2012",214.8,
"GRC","DEATHCANCER","TOT","100000PER","A","2013",217.5,
"GRC","DEATHCANCER","TOT","100000PER","A","2014",216.1,
"GRC","DEATHCANCER","TOT","100000PER","A","2015",216.7,
"GRC","DEATHCANCER","TOT","100000PER","A","2016",216.2,
"GRC","DEATHCANCER","TOT","100000PER","A","2017",212.4,
"GRC","DEATHCANCER","TOT","100000PER","A","2018",209.3,
"GRC","DEATHCANCER","TOT","100000PER","A","2019",208.4,
"GRC","DEATHCANCER","TOT","100000PER","A","2020",207.8,
"HUN","DEATHCANCER","TOT","100000PER","A","1990",357.3,
"HUN","DEATHCANCER","TOT","100000PER","A","1991",361.5,
"HUN","DEATHCANCER","TOT","100000PER","A","1992",370.8,
"HUN","DEATHCANCER","TOT","100000PER","A","1993",368.1,
"HUN","DEATHCANCER","TOT","100000PER","A","1994",369,
"HUN","DEATHCANCER","TOT","100000PER","A","1995",369.2,
"HUN","DEATHCANCER","TOT","100000PER","A","1996",373.8,"B"
"HUN","DEATHCANCER","TOT","100000PER","A","1997",369.9,
"HUN","DEATHCANCER","TOT","100000PER","A","1998",368.8,
"HUN","DEATHCANCER","TOT","100000PER","A","1999",380.6,
"HUN","DEATHCANCER","TOT","100000PER","A","2000",373,
"HUN","DEATHCANCER","TOT","100000PER","A","2001",353.7,
"HUN","DEATHCANCER","TOT","100000PER","A","2002",347.4,
"HUN","DEATHCANCER","TOT","100000PER","A","2003",350.3,
"HUN","DEATHCANCER","TOT","100000PER","A","2004",346.1,
"HUN","DEATHCANCER","TOT","100000PER","A","2005",311.2,
"HUN","DEATHCANCER","TOT","100000PER","A","2006",314.9,
"HUN","DEATHCANCER","TOT","100000PER","A","2007",316.1,
"HUN","DEATHCANCER","TOT","100000PER","A","2008",318.2,
"HUN","DEATHCANCER","TOT","100000PER","A","2009",319.2,
"HUN","DEATHCANCER","TOT","100000PER","A","2010",315.8,
"HUN","DEATHCANCER","TOT","100000PER","A","2011",314.9,
"HUN","DEATHCANCER","TOT","100000PER","A","2012",317.5,
"HUN","DEATHCANCER","TOT","100000PER","A","2013",310,
"HUN","DEATHCANCER","TOT","100000PER","A","2014",306.2,
"HUN","DEATHCANCER","TOT","100000PER","A","2015",303.5,
"HUN","DEATHCANCER","TOT","100000PER","A","2016",302.3,
"HUN","DEATHCANCER","TOT","100000PER","A","2017",298.9,
"HUN","DEATHCANCER","TOT","100000PER","A","2018",294.2,
"HUN","DEATHCANCER","TOT","100000PER","A","2019",286.4,
"ISL","DEATHCANCER","TOT","100000PER","A","1990",270,
"ISL","DEATHCANCER","TOT","100000PER","A","1991",263,
"ISL","DEATHCANCER","TOT","100000PER","A","1992",248.2,
"ISL","DEATHCANCER","TOT","100000PER","A","1993",254.8,
"ISL","DEATHCANCER","TOT","100000PER","A","1994",247.3,
"ISL","DEATHCANCER","TOT","100000PER","A","1995",259.3,
"ISL","DEATHCANCER","TOT","100000PER","A","1996",288.2,"B"
"ISL","DEATHCANCER","TOT","100000PER","A","1997",277.1,
"ISL","DEATHCANCER","TOT","100000PER","A","1998",261.5,
"ISL","DEATHCANCER","TOT","100000PER","A","1999",273.8,
"ISL","DEATHCANCER","TOT","100000PER","A","2000",248.1,
"ISL","DEATHCANCER","TOT","100000PER","A","2001",238,
"ISL","DEATHCANCER","TOT","100000PER","A","2002",244,
"ISL","DEATHCANCER","TOT","100000PER","A","2003",230.3,
"ISL","DEATHCANCER","TOT","100000PER","A","2004",234.6,
"ISL","DEATHCANCER","TOT","100000PER","A","2005",230.4,
"ISL","DEATHCANCER","TOT","100000PER","A","2006",214.3,
"ISL","DEATHCANCER","TOT","100000PER","A","2007",240.7,
"ISL","DEATHCANCER","TOT","100000PER","A","2008",231.5,
"ISL","DEATHCANCER","TOT","100000PER","A","2009",227.4,
"ISL","DEATHCANCER","TOT","100000PER","A","2010",226.9,
"ISL","DEATHCANCER","TOT","100000PER","A","2011",226.5,
"ISL","DEATHCANCER","TOT","100000PER","A","2012",221.2,
"ISL","DEATHCANCER","TOT","100000PER","A","2013",216.9,
"ISL","DEATHCANCER","TOT","100000PER","A","2014",223,
"ISL","DEATHCANCER","TOT","100000PER","A","2015",211.5,
"ISL","DEATHCANCER","TOT","100000PER","A","2016",231.5,
"ISL","DEATHCANCER","TOT","100000PER","A","2017",199.8,
"ISL","DEATHCANCER","TOT","100000PER","A","2018",191.4,
"ISL","DEATHCANCER","TOT","100000PER","A","2019",200.2,
"ISL","DEATHCANCER","TOT","100000PER","A","2020",192.2,
"ISL","DEATHCANCER","TOT","100000PER","A","2021",186.3,
"IRL","DEATHCANCER","TOT","100000PER","A","1990",303.3,
"IRL","DEATHCANCER","TOT","100000PER","A","1991",304.4,
"IRL","DEATHCANCER","TOT","100000PER","A","1992",311.6,
"IRL","DEATHCANCER","TOT","100000PER","A","1993",310,
"IRL","DEATHCANCER","TOT","100000PER","A","1994",301.1,
"IRL","DEATHCANCER","TOT","100000PER","A","1995",302.5,
"IRL","DEATHCANCER","TOT","100000PER","A","1996",293.4,
"IRL","DEATHCANCER","TOT","100000PER","A","1997",293.8,
"IRL","DEATHCANCER","TOT","100000PER","A","1998",289,
"IRL","DEATHCANCER","TOT","100000PER","A","1999",288.5,
"IRL","DEATHCANCER","TOT","100000PER","A","2000",288,
"IRL","DEATHCANCER","TOT","100000PER","A","2001",283.1,
"IRL","DEATHCANCER","TOT","100000PER","A","2002",273.4,
"IRL","DEATHCANCER","TOT","100000PER","A","2003",271.8,
"IRL","DEATHCANCER","TOT","100000PER","A","2004",273.6,
"IRL","DEATHCANCER","TOT","100000PER","A","2005",264,
"IRL","DEATHCANCER","TOT","100000PER","A","2006",270.4,
"IRL","DEATHCANCER","TOT","100000PER","A","2007",261,"B"
"IRL","DEATHCANCER","TOT","100000PER","A","2008",263.6,
"IRL","DEATHCANCER","TOT","100000PER","A","2009",263.3,
"IRL","DEATHCANCER","TOT","100000PER","A","2010",245.1,
"IRL","DEATHCANCER","TOT","100000PER","A","2011",258.1,
"IRL","DEATHCANCER","TOT","100000PER","A","2012",248.6,
"IRL","DEATHCANCER","TOT","100000PER","A","2013",246.9,
"IRL","DEATHCANCER","TOT","100000PER","A","2014",246.6,
"IRL","DEATHCANCER","TOT","100000PER","A","2015",238.5,
"IRL","DEATHCANCER","TOT","100000PER","A","2018",233.7,
"ITA","DEATHCANCER","TOT","100000PER","A","1990",280.9,
"ITA","DEATHCANCER","TOT","100000PER","A","1991",282,
"ITA","DEATHCANCER","TOT","100000PER","A","1992",281,
"ITA","DEATHCANCER","TOT","100000PER","A","1993",280.2,
"ITA","DEATHCANCER","TOT","100000PER","A","1994",279.1,
"ITA","DEATHCANCER","TOT","100000PER","A","1995",266.8,
"ITA","DEATHCANCER","TOT","100000PER","A","1996",265.7,
"ITA","DEATHCANCER","TOT","100000PER","A","1997",261.8,
"ITA","DEATHCANCER","TOT","100000PER","A","1998",259.9,
"ITA","DEATHCANCER","TOT","100000PER","A","1999",254.8,
"ITA","DEATHCANCER","TOT","100000PER","A","2000",254.4,
"ITA","DEATHCANCER","TOT","100000PER","A","2001",255.9,
"ITA","DEATHCANCER","TOT","100000PER","A","2002",247.6,
"ITA","DEATHCANCER","TOT","100000PER","A","2003",246,"B"
"ITA","DEATHCANCER","TOT","100000PER","A","2004",243.4,
"ITA","DEATHCANCER","TOT","100000PER","A","2005",238.4,
"ITA","DEATHCANCER","TOT","100000PER","A","2006",234.6,
"ITA","DEATHCANCER","TOT","100000PER","A","2007",233.6,
"ITA","DEATHCANCER","TOT","100000PER","A","2008",230.4,
"ITA","DEATHCANCER","TOT","100000PER","A","2009",228.8,
"ITA","DEATHCANCER","TOT","100000PER","A","2010",224.9,
"ITA","DEATHCANCER","TOT","100000PER","A","2011",225.2,
"ITA","DEATHCANCER","TOT","100000PER","A","2012",223.1,
"ITA","DEATHCANCER","TOT","100000PER","A","2013",216.5,
"ITA","DEATHCANCER","TOT","100000PER","A","2014",212.9,
"ITA","DEATHCANCER","TOT","100000PER","A","2015",211.1,
"ITA","DEATHCANCER","TOT","100000PER","A","2016",207.9,
"ITA","DEATHCANCER","TOT","100000PER","A","2017",205.2,
"JPN","DEATHCANCER","TOT","100000PER","A","1990",225.2,
"JPN","DEATHCANCER","TOT","100000PER","A","1991",224.6,
"JPN","DEATHCANCER","TOT","100000PER","A","1992",225.6,
"JPN","DEATHCANCER","TOT","100000PER","A","1993",222.4,
"JPN","DEATHCANCER","TOT","100000PER","A","1994",224,
"JPN","DEATHCANCER","TOT","100000PER","A","1995",235.2,"B"
"JPN","DEATHCANCER","TOT","100000PER","A","1996",234.7,
"JPN","DEATHCANCER","TOT","100000PER","A","1997",230.9,
"JPN","DEATHCANCER","TOT","100000PER","A","1998",230.9,
"JPN","DEATHCANCER","TOT","100000PER","A","1999",230,
"JPN","DEATHCANCER","TOT","100000PER","A","2000",225.9,
"JPN","DEATHCANCER","TOT","100000PER","A","2001",222.8,
"JPN","DEATHCANCER","TOT","100000PER","A","2002",218.7,
"JPN","DEATHCANCER","TOT","100000PER","A","2003",215.9,
"JPN","DEATHCANCER","TOT","100000PER","A","2004",217.2,
"JPN","DEATHCANCER","TOT","100000PER","A","2005",213.5,
"JPN","DEATHCANCER","TOT","100000PER","A","2006",210.1,
"JPN","DEATHCANCER","TOT","100000PER","A","2007",208.4,
"JPN","DEATHCANCER","TOT","100000PER","A","2008",206.7,
"JPN","DEATHCANCER","TOT","100000PER","A","2009",202.1,
"JPN","DEATHCANCER","TOT","100000PER","A","2010",202.2,
"JPN","DEATHCANCER","TOT","100000PER","A","2011",200,
"JPN","DEATHCANCER","TOT","100000PER","A","2012",196.9,
"JPN","DEATHCANCER","TOT","100000PER","A","2013",194.5,
"JPN","DEATHCANCER","TOT","100000PER","A","2014",192,
"JPN","DEATHCANCER","TOT","100000PER","A","2015",189,
"JPN","DEATHCANCER","TOT","100000PER","A","2016",186.6,
"JPN","DEATHCANCER","TOT","100000PER","A","2017",182.3,
"JPN","DEATHCANCER","TOT","100000PER","A","2018",178.7,
"JPN","DEATHCANCER","TOT","100000PER","A","2019",176.6,
"JPN","DEATHCANCER","TOT","100000PER","A","2020",174.8,
"KOR","DEATHCANCER","TOT","100000PER","A","1990",187.8,
"KOR","DEATHCANCER","TOT","100000PER","A","1991",184.3,
"KOR","DEATHCANCER","TOT","100000PER","A","1992",211.9,
"KOR","DEATHCANCER","TOT","100000PER","A","1993",226.3,
"KOR","DEATHCANCER","TOT","100000PER","A","1994",236.2,
"KOR","DEATHCANCER","TOT","100000PER","A","1995",211.5,"B"
"KOR","DEATHCANCER","TOT","100000PER","A","1996",206.9,
"KOR","DEATHCANCER","TOT","100000PER","A","1997",227.1,
"KOR","DEATHCANCER","TOT","100000PER","A","1998",216.4,
"KOR","DEATHCANCER","TOT","100000PER","A","1999",222.4,
"KOR","DEATHCANCER","TOT","100000PER","A","2000",237.1,
"KOR","DEATHCANCER","TOT","100000PER","A","2001",235.2,
"KOR","DEATHCANCER","TOT","100000PER","A","2002",245.2,
"KOR","DEATHCANCER","TOT","100000PER","A","2003",239.5,
"KOR","DEATHCANCER","TOT","100000PER","A","2004",233,
"KOR","DEATHCANCER","TOT","100000PER","A","2005",229.1,
"KOR","DEATHCANCER","TOT","100000PER","A","2006",222.6,
"KOR","DEATHCANCER","TOT","100000PER","A","2007",221.8,
"KOR","DEATHCANCER","TOT","100000PER","A","2008",216.4,
"KOR","DEATHCANCER","TOT","100000PER","A","2009",210.1,
"KOR","DEATHCANCER","TOT","100000PER","A","2010",210.1,
"KOR","DEATHCANCER","TOT","100000PER","A","2011",200.8,
"KOR","DEATHCANCER","TOT","100000PER","A","2012",198.8,
"KOR","DEATHCANCER","TOT","100000PER","A","2013",194,
"KOR","DEATHCANCER","TOT","100000PER","A","2014",189.8,
"KOR","DEATHCANCER","TOT","100000PER","A","2015",182.7,
"KOR","DEATHCANCER","TOT","100000PER","A","2016",179.3,
"KOR","DEATHCANCER","TOT","100000PER","A","2017",173.8,
"KOR","DEATHCANCER","TOT","100000PER","A","2018",167.6,
"KOR","DEATHCANCER","TOT","100000PER","A","2019",164.8,
"KOR","DEATHCANCER","TOT","100000PER","A","2020",160.2,
"LUX","DEATHCANCER","TOT","100000PER","A","1990",304.6,
"LUX","DEATHCANCER","TOT","100000PER","A","1991",293.8,
"LUX","DEATHCANCER","TOT","100000PER","A","1992",303.6,
"LUX","DEATHCANCER","TOT","100000PER","A","1993",301.1,
"LUX","DEATHCANCER","TOT","100000PER","A","1994",278.9,
"LUX","DEATHCANCER","TOT","100000PER","A","1995",294.8,
"LUX","DEATHCANCER","TOT","100000PER","A","1996",276.4,
"LUX","DEATHCANCER","TOT","100000PER","A","1997",270.2,
"LUX","DEATHCANCER","TOT","100000PER","A","1998",275.1,"B"
"LUX","DEATHCANCER","TOT","100000PER","A","1999",245.3,
"LUX","DEATHCANCER","TOT","100000PER","A","2000",256.6,
"LUX","DEATHCANCER","TOT","100000PER","A","2001",247.4,
"LUX","DEATHCANCER","TOT","100000PER","A","2002",238.8,
"LUX","DEATHCANCER","TOT","100000PER","A","2003",249.4,
"LUX","DEATHCANCER","TOT","100000PER","A","2004",228.3,
"LUX","DEATHCANCER","TOT","100000PER","A","2005",223.4,
"LUX","DEATHCANCER","TOT","100000PER","A","2006",222.5,
"LUX","DEATHCANCER","TOT","100000PER","A","2007",239.7,
"LUX","DEATHCANCER","TOT","100000PER","A","2008",218.7,
"LUX","DEATHCANCER","TOT","100000PER","A","2009",234.5,
"LUX","DEATHCANCER","TOT","100000PER","A","2010",228.2,
"LUX","DEATHCANCER","TOT","100000PER","A","2011",226,
"LUX","DEATHCANCER","TOT","100000PER","A","2012",223.4,
"LUX","DEATHCANCER","TOT","100000PER","A","2013",205.4,
"LUX","DEATHCANCER","TOT","100000PER","A","2014",217.7,
"LUX","DEATHCANCER","TOT","100000PER","A","2015",200.1,
"LUX","DEATHCANCER","TOT","100000PER","A","2016",195.9,
"LUX","DEATHCANCER","TOT","100000PER","A","2017",197.2,
"LUX","DEATHCANCER","TOT","100000PER","A","2018",187.1,
"LUX","DEATHCANCER","TOT","100000PER","A","2019",185.8,
"LUX","DEATHCANCER","TOT","100000PER","A","2020",168.4,
"LUX","DEATHCANCER","TOT","100000PER","A","2021",171.4,
"MEX","DEATHCANCER","TOT","100000PER","A","1990",168.3,
"MEX","DEATHCANCER","TOT","100000PER","A","1991",166.9,
"MEX","DEATHCANCER","TOT","100000PER","A","1992",171.7,
"MEX","DEATHCANCER","TOT","100000PER","A","1993",171.6,
"MEX","DEATHCANCER","TOT","100000PER","A","1994",174,
"MEX","DEATHCANCER","TOT","100000PER","A","1995",174.2,
"MEX","DEATHCANCER","TOT","100000PER","A","1996",150.3,
"MEX","DEATHCANCER","TOT","100000PER","A","1997",148.8,
"MEX","DEATHCANCER","TOT","100000PER","A","1998",148.1,"B"
"MEX","DEATHCANCER","TOT","100000PER","A","1999",147.3,
"MEX","DEATHCANCER","TOT","100000PER","A","2000",152.6,
"MEX","DEATHCANCER","TOT","100000PER","A","2001",145.4,
"MEX","DEATHCANCER","TOT","100000PER","A","2002",147.2,
"MEX","DEATHCANCER","TOT","100000PER","A","2003",147.3,
"MEX","DEATHCANCER","TOT","100000PER","A","2004",145.9,
"MEX","DEATHCANCER","TOT","100000PER","A","2005",147.4,
"MEX","DEATHCANCER","TOT","100000PER","A","2006",142.5,
"MEX","DEATHCANCER","TOT","100000PER","A","2007",137.5,
"MEX","DEATHCANCER","TOT","100000PER","A","2008",138.7,
"MEX","DEATHCANCER","TOT","100000PER","A","2009",134.4,
"MEX","DEATHCANCER","TOT","100000PER","A","2010",134.3,
"MEX","DEATHCANCER","TOT","100000PER","A","2011",130.7,
"MEX","DEATHCANCER","TOT","100000PER","A","2012",129.9,
"MEX","DEATHCANCER","TOT","100000PER","A","2013",125.5,
"MEX","DEATHCANCER","TOT","100000PER","A","2014",127.2,
"MEX","DEATHCANCER","TOT","100000PER","A","2015",127.6,
"MEX","DEATHCANCER","TOT","100000PER","A","2016",129,
"MEX","DEATHCANCER","TOT","100000PER","A","2017",126.8,
"MEX","DEATHCANCER","TOT","100000PER","A","2018",125.4,
"MEX","DEATHCANCER","TOT","100000PER","A","2019",125.8,
"MEX","DEATHCANCER","TOT","100000PER","A","2020",125.9,
"NLD","DEATHCANCER","TOT","100000PER","A","1990",303.6,
"NLD","DEATHCANCER","TOT","100000PER","A","1991",302.4,
"NLD","DEATHCANCER","TOT","100000PER","A","1992",300.6,
"NLD","DEATHCANCER","TOT","100000PER","A","1993",300.6,
"NLD","DEATHCANCER","TOT","100000PER","A","1994",296.4,
"NLD","DEATHCANCER","TOT","100000PER","A","1995",292.3,
"NLD","DEATHCANCER","TOT","100000PER","A","1996",293.4,"B"
"NLD","DEATHCANCER","TOT","100000PER","A","1997",288.7,
"NLD","DEATHCANCER","TOT","100000PER","A","1998",286.5,
"NLD","DEATHCANCER","TOT","100000PER","A","1999",287.5,
"NLD","DEATHCANCER","TOT","100000PER","A","2000",280.5,
"NLD","DEATHCANCER","TOT","100000PER","A","2001",274.8,
"NLD","DEATHCANCER","TOT","100000PER","A","2002",273.9,
"NLD","DEATHCANCER","TOT","100000PER","A","2003",270.3,
"NLD","DEATHCANCER","TOT","100000PER","A","2004",269.9,
"NLD","DEATHCANCER","TOT","100000PER","A","2005",269.3,
"NLD","DEATHCANCER","TOT","100000PER","A","2006",264.8,
"NLD","DEATHCANCER","TOT","100000PER","A","2007",261.3,
"NLD","DEATHCANCER","TOT","100000PER","A","2008",261.9,
"NLD","DEATHCANCER","TOT","100000PER","A","2009",260,
"NLD","DEATHCANCER","TOT","100000PER","A","2010",261,
"NLD","DEATHCANCER","TOT","100000PER","A","2011",258.1,
"NLD","DEATHCANCER","TOT","100000PER","A","2012",255.3,
"NLD","DEATHCANCER","TOT","100000PER","A","2013",243.8,
"NLD","DEATHCANCER","TOT","100000PER","A","2014",242,
"NLD","DEATHCANCER","TOT","100000PER","A","2015",243.1,
"NLD","DEATHCANCER","TOT","100000PER","A","2016",244.3,
"NLD","DEATHCANCER","TOT","100000PER","A","2017",236.7,
"NLD","DEATHCANCER","TOT","100000PER","A","2018",223.2,
"NLD","DEATHCANCER","TOT","100000PER","A","2019",217.1,
"NLD","DEATHCANCER","TOT","100000PER","A","2020",217.2,
"NZL","DEATHCANCER","TOT","100000PER","A","1990",293.9,
"NZL","DEATHCANCER","TOT","100000PER","A","1991",283.6,
"NZL","DEATHCANCER","TOT","100000PER","A","1992",282.7,
"NZL","DEATHCANCER","TOT","100000PER","A","1993",287,
"NZL","DEATHCANCER","TOT","100000PER","A","1994",285.1,
"NZL","DEATHCANCER","TOT","100000PER","A","1995",287.4,
"NZL","DEATHCANCER","TOT","100000PER","A","1996",282.8,
"NZL","DEATHCANCER","TOT","100000PER","A","1997",272,
"NZL","DEATHCANCER","TOT","100000PER","A","1998",278.6,
"NZL","DEATHCANCER","TOT","100000PER","A","1999",274.2,
"NZL","DEATHCANCER","TOT","100000PER","A","2000",267,"B"
"NZL","DEATHCANCER","TOT","100000PER","A","2001",267.9,
"NZL","DEATHCANCER","TOT","100000PER","A","2002",261.7,
"NZL","DEATHCANCER","TOT","100000PER","A","2003",259.2,
"NZL","DEATHCANCER","TOT","100000PER","A","2004",256.9,
"NZL","DEATHCANCER","TOT","100000PER","A","2005",245.5,
"NZL","DEATHCANCER","TOT","100000PER","A","2006",243.7,
"NZL","DEATHCANCER","TOT","100000PER","A","2007",249.6,
"NZL","DEATHCANCER","TOT","100000PER","A","2008",244.7,
"NZL","DEATHCANCER","TOT","100000PER","A","2009",235,
"NZL","DEATHCANCER","TOT","100000PER","A","2010",232.2,
"NZL","DEATHCANCER","TOT","100000PER","A","2011",234.5,
"NZL","DEATHCANCER","TOT","100000PER","A","2012",228,
"NZL","DEATHCANCER","TOT","100000PER","A","2013",229.6,
"NZL","DEATHCANCER","TOT","100000PER","A","2014",228.3,
"NZL","DEATHCANCER","TOT","100000PER","A","2015",230.3,
"NZL","DEATHCANCER","TOT","100000PER","A","2016",221.2,
"NOR","DEATHCANCER","TOT","100000PER","A","1990",250.4,
"NOR","DEATHCANCER","TOT","100000PER","A","1991",248,
"NOR","DEATHCANCER","TOT","100000PER","A","1992",246.3,
"NOR","DEATHCANCER","TOT","100000PER","A","1993",255.4,
"NOR","DEATHCANCER","TOT","100000PER","A","1994",257.7,
"NOR","DEATHCANCER","TOT","100000PER","A","1995",255.4,
"NOR","DEATHCANCER","TOT","100000PER","A","1996",260.2,"B"
"NOR","DEATHCANCER","TOT","100000PER","A","1997",258.8,
"NOR","DEATHCANCER","TOT","100000PER","A","1998",248.6,
"NOR","DEATHCANCER","TOT","100000PER","A","1999",249.3,
"NOR","DEATHCANCER","TOT","100000PER","A","2000",247.8,
"NOR","DEATHCANCER","TOT","100000PER","A","2001",248.4,
"NOR","DEATHCANCER","TOT","100000PER","A","2002",248.9,
"NOR","DEATHCANCER","TOT","100000PER","A","2003",243.6,
"NOR","DEATHCANCER","TOT","100000PER","A","2004",240.6,
"NOR","DEATHCANCER","TOT","100000PER","A","2005",239.2,
"NOR","DEATHCANCER","TOT","100000PER","A","2006",233.3,
"NOR","DEATHCANCER","TOT","100000PER","A","2007",236.2,
"NOR","DEATHCANCER","TOT","100000PER","A","2008",232,
"NOR","DEATHCANCER","TOT","100000PER","A","2009",226.7,
"NOR","DEATHCANCER","TOT","100000PER","A","2010",231.6,
"NOR","DEATHCANCER","TOT","100000PER","A","2011",226.3,
"NOR","DEATHCANCER","TOT","100000PER","A","2012",222.1,
"NOR","DEATHCANCER","TOT","100000PER","A","2013",213.7,
"NOR","DEATHCANCER","TOT","100000PER","A","2014",215.7,
"NOR","DEATHCANCER","TOT","100000PER","A","2015",210.2,
"NOR","DEATHCANCER","TOT","100000PER","A","2016",206.8,
"POL","DEATHCANCER","TOT","100000PER","A","1990",274.5,
"POL","DEATHCANCER","TOT","100000PER","A","1991",275.4,
"POL","DEATHCANCER","TOT","100000PER","A","1992",272.5,
"POL","DEATHCANCER","TOT","100000PER","A","1993",277.7,
"POL","DEATHCANCER","TOT","100000PER","A","1994",277.7,
"POL","DEATHCANCER","TOT","100000PER","A","1995",280.9,
"POL","DEATHCANCER","TOT","100000PER","A","1996",279.9,
"POL","DEATHCANCER","TOT","100000PER","A","1999",281.4,"B"
"POL","DEATHCANCER","TOT","100000PER","A","2000",289.3,
"POL","DEATHCANCER","TOT","100000PER","A","2001",290.9,
"POL","DEATHCANCER","TOT","100000PER","A","2002",290.2,
"POL","DEATHCANCER","TOT","100000PER","A","2003",288.4,
"POL","DEATHCANCER","TOT","100000PER","A","2004",287.7,
"POL","DEATHCANCER","TOT","100000PER","A","2005",285.1,
"POL","DEATHCANCER","TOT","100000PER","A","2006",283.4,
"POL","DEATHCANCER","TOT","100000PER","A","2007",281.8,
"POL","DEATHCANCER","TOT","100000PER","A","2008",277.2,
"POL","DEATHCANCER","TOT","100000PER","A","2009",273.1,
"POL","DEATHCANCER","TOT","100000PER","A","2010",264.9,
"POL","DEATHCANCER","TOT","100000PER","A","2011",259.2,
"POL","DEATHCANCER","TOT","100000PER","A","2012",261,
"POL","DEATHCANCER","TOT","100000PER","A","2013",254.8,
"POL","DEATHCANCER","TOT","100000PER","A","2014",254.1,
"POL","DEATHCANCER","TOT","100000PER","A","2015",263.7,
"POL","DEATHCANCER","TOT","100000PER","A","2016",257.3,
"POL","DEATHCANCER","TOT","100000PER","A","2017",251.9,
"POL","DEATHCANCER","TOT","100000PER","A","2018",248.1,
"POL","DEATHCANCER","TOT","100000PER","A","2019",245,
"POL","DEATHCANCER","TOT","100000PER","A","2020",240.4,
"PRT","DEATHCANCER","TOT","100000PER","A","1990",224,
"PRT","DEATHCANCER","TOT","100000PER","A","1991",220.1,
"PRT","DEATHCANCER","TOT","100000PER","A","1992",223.4,
"PRT","DEATHCANCER","TOT","100000PER","A","1993",227.6,
"PRT","DEATHCANCER","TOT","100000PER","A","1994",221.4,
"PRT","DEATHCANCER","TOT","100000PER","A","1995",227.6,
"PRT","DEATHCANCER","TOT","100000PER","A","1996",226.9,
"PRT","DEATHCANCER","TOT","100000PER","A","1997",224.7,
"PRT","DEATHCANCER","TOT","100000PER","A","1998",224,
"PRT","DEATHCANCER","TOT","100000PER","A","1999",221.1,
"PRT","DEATHCANCER","TOT","100000PER","A","2000",221.2,
"PRT","DEATHCANCER","TOT","100000PER","A","2001",221.4,
"PRT","DEATHCANCER","TOT","100000PER","A","2002",220.7,"B"
"PRT","DEATHCANCER","TOT","100000PER","A","2003",221.8,
"PRT","DEATHCANCER","TOT","100000PER","A","2007",213.7,
"PRT","DEATHCANCER","TOT","100000PER","A","2008",214.9,
"PRT","DEATHCANCER","TOT","100000PER","A","2009",214.5,
"PRT","DEATHCANCER","TOT","100000PER","A","2010",214.7,
"PRT","DEATHCANCER","TOT","100000PER","A","2011",214.9,
"PRT","DEATHCANCER","TOT","100000PER","A","2012",213,
"PRT","DEATHCANCER","TOT","100000PER","A","2013",211.2,
"PRT","DEATHCANCER","TOT","100000PER","A","2014",210.3,
"PRT","DEATHCANCER","TOT","100000PER","A","2015",210.4,
"PRT","DEATHCANCER","TOT","100000PER","A","2016",212.5,
"PRT","DEATHCANCER","TOT","100000PER","A","2017",210.9,
"PRT","DEATHCANCER","TOT","100000PER","A","2018",210.3,
"PRT","DEATHCANCER","TOT","100000PER","A","2019",210.9,
"SVK","DEATHCANCER","TOT","100000PER","A","1992",276.8,
"SVK","DEATHCANCER","TOT","100000PER","A","1993",275,
"SVK","DEATHCANCER","TOT","100000PER","A","1994",289.4,"B"
"SVK","DEATHCANCER","TOT","100000PER","A","1995",295.5,
"SVK","DEATHCANCER","TOT","100000PER","A","1996",294.6,
"SVK","DEATHCANCER","TOT","100000PER","A","1997",294,
"SVK","DEATHCANCER","TOT","100000PER","A","1998",318.4,
"SVK","DEATHCANCER","TOT","100000PER","A","1999",306.1,
"SVK","DEATHCANCER","TOT","100000PER","A","2000",304.1,
"SVK","DEATHCANCER","TOT","100000PER","A","2001",301.8,
"SVK","DEATHCANCER","TOT","100000PER","A","2002",286.8,
"SVK","DEATHCANCER","TOT","100000PER","A","2003",284.7,
"SVK","DEATHCANCER","TOT","100000PER","A","2004",280.4,
"SVK","DEATHCANCER","TOT","100000PER","A","2005",282.4,
"SVK","DEATHCANCER","TOT","100000PER","A","2006",274.5,
"SVK","DEATHCANCER","TOT","100000PER","A","2007",276.1,
"SVK","DEATHCANCER","TOT","100000PER","A","2008",272.5,
"SVK","DEATHCANCER","TOT","100000PER","A","2009",266.8,
"SVK","DEATHCANCER","TOT","100000PER","A","2010",268.2,
"SVK","DEATHCANCER","TOT","100000PER","A","2012",276.4,
"SVK","DEATHCANCER","TOT","100000PER","A","2013",282.8,
"SVK","DEATHCANCER","TOT","100000PER","A","2014",280.8,
"SVK","DEATHCANCER","TOT","100000PER","A","2016",272.2,
"SVK","DEATHCANCER","TOT","100000PER","A","2017",268.6,
"SVK","DEATHCANCER","TOT","100000PER","A","2018",268.3,
"SVK","DEATHCANCER","TOT","100000PER","A","2019",252.9,
"ESP","DEATHCANCER","TOT","100000PER","A","1990",241.4,
"ESP","DEATHCANCER","TOT","100000PER","A","1991",243.3,
"ESP","DEATHCANCER","TOT","100000PER","A","1992",243.1,
"ESP","DEATHCANCER","TOT","100000PER","A","1993",245.4,
"ESP","DEATHCANCER","TOT","100000PER","A","1994",247.8,
"ESP","DEATHCANCER","TOT","100000PER","A","1995",248.4,
"ESP","DEATHCANCER","TOT","100000PER","A","1996",243.6,
"ESP","DEATHCANCER","TOT","100000PER","A","1997",243.8,
"ESP","DEATHCANCER","TOT","100000PER","A","1998",243.6,
"ESP","DEATHCANCER","TOT","100000PER","A","1999",241.7,"B"
"ESP","DEATHCANCER","TOT","100000PER","A","2000",236.3,
"ESP","DEATHCANCER","TOT","100000PER","A","2001",238.2,
"ESP","DEATHCANCER","TOT","100000PER","A","2002",233.3,
"ESP","DEATHCANCER","TOT","100000PER","A","2003",232.9,
"ESP","DEATHCANCER","TOT","100000PER","A","2004",229,
"ESP","DEATHCANCER","TOT","100000PER","A","2005",222.7,
"ESP","DEATHCANCER","TOT","100000PER","A","2006",221.1,
"ESP","DEATHCANCER","TOT","100000PER","A","2007",219.7,
"ESP","DEATHCANCER","TOT","100000PER","A","2008",216.5,
"ESP","DEATHCANCER","TOT","100000PER","A","2009",214.5,
"ESP","DEATHCANCER","TOT","100000PER","A","2010",214.1,
"ESP","DEATHCANCER","TOT","100000PER","A","2011",214.3,
"ESP","DEATHCANCER","TOT","100000PER","A","2012",210.5,
"ESP","DEATHCANCER","TOT","100000PER","A","2013",207.1,
"ESP","DEATHCANCER","TOT","100000PER","A","2014",201.7,
"ESP","DEATHCANCER","TOT","100000PER","A","2015",200,
"ESP","DEATHCANCER","TOT","100000PER","A","2016",200.6,
"ESP","DEATHCANCER","TOT","100000PER","A","2017",196.5,
"ESP","DEATHCANCER","TOT","100000PER","A","2018",192.5,
"ESP","DEATHCANCER","TOT","100000PER","A","2019",189.1,
"ESP","DEATHCANCER","TOT","100000PER","A","2020",185.8,
"ESP","DEATHCANCER","TOT","100000PER","A","2021",184.4,
"SWE","DEATHCANCER","TOT","100000PER","A","1990",233.5,
"SWE","DEATHCANCER","TOT","100000PER","A","1991",232.4,
"SWE","DEATHCANCER","TOT","100000PER","A","1992",229.8,
"SWE","DEATHCANCER","TOT","100000PER","A","1993",230,
"SWE","DEATHCANCER","TOT","100000PER","A","1994",223.9,
"SWE","DEATHCANCER","TOT","100000PER","A","1995",227.4,
"SWE","DEATHCANCER","TOT","100000PER","A","1996",225.8,
"SWE","DEATHCANCER","TOT","100000PER","A","1997",230.2,"B"
"SWE","DEATHCANCER","TOT","100000PER","A","1998",225.7,
"SWE","DEATHCANCER","TOT","100000PER","A","1999",224.5,
"SWE","DEATHCANCER","TOT","100000PER","A","2000",223,
"SWE","DEATHCANCER","TOT","100000PER","A","2001",225.7,
"SWE","DEATHCANCER","TOT","100000PER","A","2002",221.4,
"SWE","DEATHCANCER","TOT","100000PER","A","2003",222.8,
"SWE","DEATHCANCER","TOT","100000PER","A","2004",223,
"SWE","DEATHCANCER","TOT","100000PER","A","2005",221.2,
"SWE","DEATHCANCER","TOT","100000PER","A","2006",219.6,
"SWE","DEATHCANCER","TOT","100000PER","A","2007",215.7,
"SWE","DEATHCANCER","TOT","100000PER","A","2008",212.4,
"SWE","DEATHCANCER","TOT","100000PER","A","2009",209.6,
"SWE","DEATHCANCER","TOT","100000PER","A","2010",205.8,
"SWE","DEATHCANCER","TOT","100000PER","A","2011",204.1,
"SWE","DEATHCANCER","TOT","100000PER","A","2012",204.8,
"SWE","DEATHCANCER","TOT","100000PER","A","2013",202.7,
"SWE","DEATHCANCER","TOT","100000PER","A","2014",200.9,
"SWE","DEATHCANCER","TOT","100000PER","A","2015",201.1,
"SWE","DEATHCANCER","TOT","100000PER","A","2016",195.5,
"SWE","DEATHCANCER","TOT","100000PER","A","2017",195.9,
"SWE","DEATHCANCER","TOT","100000PER","A","2018",188.9,
"CHE","DEATHCANCER","TOT","100000PER","A","1990",275.1,
"CHE","DEATHCANCER","TOT","100000PER","A","1991",274.3,
"CHE","DEATHCANCER","TOT","100000PER","A","1992",270.6,
"CHE","DEATHCANCER","TOT","100000PER","A","1993",264.1,
"CHE","DEATHCANCER","TOT","100000PER","A","1994",257.9,
"CHE","DEATHCANCER","TOT","100000PER","A","1995",240,"B"
"CHE","DEATHCANCER","TOT","100000PER","A","1996",233.8,
"CHE","DEATHCANCER","TOT","100000PER","A","1997",232,
"CHE","DEATHCANCER","TOT","100000PER","A","1998",228.1,
"CHE","DEATHCANCER","TOT","100000PER","A","1999",224.2,
"CHE","DEATHCANCER","TOT","100000PER","A","2000",227.7,
"CHE","DEATHCANCER","TOT","100000PER","A","2001",222.5,
"CHE","DEATHCANCER","TOT","100000PER","A","2002",213.3,
"CHE","DEATHCANCER","TOT","100000PER","A","2003",215,
"CHE","DEATHCANCER","TOT","100000PER","A","2004",211.4,
"CHE","DEATHCANCER","TOT","100000PER","A","2005",207.3,
"CHE","DEATHCANCER","TOT","100000PER","A","2006",206.4,
"CHE","DEATHCANCER","TOT","100000PER","A","2007",207.2,
"CHE","DEATHCANCER","TOT","100000PER","A","2008",201.8,
"CHE","DEATHCANCER","TOT","100000PER","A","2009",199,
"CHE","DEATHCANCER","TOT","100000PER","A","2010",197.3,
"CHE","DEATHCANCER","TOT","100000PER","A","2011",197.1,
"CHE","DEATHCANCER","TOT","100000PER","A","2012",193.3,
"CHE","DEATHCANCER","TOT","100000PER","A","2013",191.4,
"CHE","DEATHCANCER","TOT","100000PER","A","2014",188.2,
"CHE","DEATHCANCER","TOT","100000PER","A","2015",189.7,
"CHE","DEATHCANCER","TOT","100000PER","A","2016",184.9,
"CHE","DEATHCANCER","TOT","100000PER","A","2017",181.9,
"CHE","DEATHCANCER","TOT","100000PER","A","2018",179.2,
"CHE","DEATHCANCER","TOT","100000PER","A","2019",173.3,
"CHE","DEATHCANCER","TOT","100000PER","A","2020",167.6,
"TUR","DEATHCANCER","TOT","100000PER","A","2009",159.6,"D"
"TUR","DEATHCANCER","TOT","100000PER","A","2010",165.4,"D"
"TUR","DEATHCANCER","TOT","100000PER","A","2011",168.9,"D"
"TUR","DEATHCANCER","TOT","100000PER","A","2012",168.5,"D"
"TUR","DEATHCANCER","TOT","100000PER","A","2013",180,"D"
"TUR","DEATHCANCER","TOT","100000PER","A","2014",177.9,"D"
"TUR","DEATHCANCER","TOT","100000PER","A","2015",174.3,"D"
"TUR","DEATHCANCER","TOT","100000PER","A","2016",174.1,"D"
"TUR","DEATHCANCER","TOT","100000PER","A","2019",154.1,"D"
"GBR","DEATHCANCER","TOT","100000PER","A","1990",304.8,
"GBR","DEATHCANCER","TOT","100000PER","A","1991",302.9,
"GBR","DEATHCANCER","TOT","100000PER","A","1992",302.3,
"GBR","DEATHCANCER","TOT","100000PER","A","1993",294.8,
"GBR","DEATHCANCER","TOT","100000PER","A","1994",291.4,
"GBR","DEATHCANCER","TOT","100000PER","A","1995",287.5,
"GBR","DEATHCANCER","TOT","100000PER","A","1996",282.9,
"GBR","DEATHCANCER","TOT","100000PER","A","1997",277,
"GBR","DEATHCANCER","TOT","100000PER","A","1998",276.2,
"GBR","DEATHCANCER","TOT","100000PER","A","1999",270.5,
"GBR","DEATHCANCER","TOT","100000PER","A","2001",271.7,"B"
"GBR","DEATHCANCER","TOT","100000PER","A","2002",269.9,
"GBR","DEATHCANCER","TOT","100000PER","A","2003",266,
"GBR","DEATHCANCER","TOT","100000PER","A","2004",261.5,
"GBR","DEATHCANCER","TOT","100000PER","A","2005",258.5,
"GBR","DEATHCANCER","TOT","100000PER","A","2006",256.7,
"GBR","DEATHCANCER","TOT","100000PER","A","2007",255.2,
"GBR","DEATHCANCER","TOT","100000PER","A","2008",253.2,
"GBR","DEATHCANCER","TOT","100000PER","A","2009",248.5,
"GBR","DEATHCANCER","TOT","100000PER","A","2010",246,
"GBR","DEATHCANCER","TOT","100000PER","A","2011",244.8,
"GBR","DEATHCANCER","TOT","100000PER","A","2012",245.5,
"GBR","DEATHCANCER","TOT","100000PER","A","2013",241.3,
"GBR","DEATHCANCER","TOT","100000PER","A","2014",238.9,
"GBR","DEATHCANCER","TOT","100000PER","A","2015",236.8,
"GBR","DEATHCANCER","TOT","100000PER","A","2016",235.3,
"GBR","DEATHCANCER","TOT","100000PER","A","2017",231,
"GBR","DEATHCANCER","TOT","100000PER","A","2018",233.3,
"GBR","DEATHCANCER","TOT","100000PER","A","2019",224.3,
"GBR","DEATHCANCER","TOT","100000PER","A","2020",221.8,
"USA","DEATHCANCER","TOT","100000PER","A","1990",271.2,
"USA","DEATHCANCER","TOT","100000PER","A","1991",270.8,
"USA","DEATHCANCER","TOT","100000PER","A","1992",269.2,
"USA","DEATHCANCER","TOT","100000PER","A","1993",269.6,
"USA","DEATHCANCER","TOT","100000PER","A","1994",267.9,
"USA","DEATHCANCER","TOT","100000PER","A","1995",266.1,
"USA","DEATHCANCER","TOT","100000PER","A","1996",262.7,
"USA","DEATHCANCER","TOT","100000PER","A","1997",258.7,
"USA","DEATHCANCER","TOT","100000PER","A","1998",254.5,
"USA","DEATHCANCER","TOT","100000PER","A","1999",254.8,"B"
"USA","DEATHCANCER","TOT","100000PER","A","2000",250.9,
"USA","DEATHCANCER","TOT","100000PER","A","2001",246.1,
"USA","DEATHCANCER","TOT","100000PER","A","2002",242.9,
"USA","DEATHCANCER","TOT","100000PER","A","2003",238.8,
"USA","DEATHCANCER","TOT","100000PER","A","2004",233.5,
"USA","DEATHCANCER","TOT","100000PER","A","2005",231,
"USA","DEATHCANCER","TOT","100000PER","A","2006",227.3,
"USA","DEATHCANCER","TOT","100000PER","A","2007",224.6,
"USA","DEATHCANCER","TOT","100000PER","A","2008",220.2,
"USA","DEATHCANCER","TOT","100000PER","A","2009",217.4,
"USA","DEATHCANCER","TOT","100000PER","A","2010",214.9,
"USA","DEATHCANCER","TOT","100000PER","A","2011",211.1,
"USA","DEATHCANCER","TOT","100000PER","A","2012",208.9,
"USA","DEATHCANCER","TOT","100000PER","A","2013",207.5,
"USA","DEATHCANCER","TOT","100000PER","A","2014",205.5,
"USA","DEATHCANCER","TOT","100000PER","A","2015",199.3,
"USA","DEATHCANCER","TOT","100000PER","A","2016",197.5,
"USA","DEATHCANCER","TOT","100000PER","A","2017",193.6,
"USA","DEATHCANCER","TOT","100000PER","A","2018",189.5,
"USA","DEATHCANCER","TOT","100000PER","A","2019",185.5,
"USA","DEATHCANCER","TOT","100000PER","A","2020",182.2,
"BRA","DEATHCANCER","TOT","100000PER","A","1990",155.6,
"BRA","DEATHCANCER","TOT","100000PER","A","1991",153.6,
"BRA","DEATHCANCER","TOT","100000PER","A","1992",159,
"BRA","DEATHCANCER","TOT","100000PER","A","1993",158,
"BRA","DEATHCANCER","TOT","100000PER","A","1994",158.9,
"BRA","DEATHCANCER","TOT","100000PER","A","1995",159.3,
"BRA","DEATHCANCER","TOT","100000PER","A","1996",162.1,"B"
"BRA","DEATHCANCER","TOT","100000PER","A","1997",161.3,
"BRA","DEATHCANCER","TOT","100000PER","A","1998",160.6,
"BRA","DEATHCANCER","TOT","100000PER","A","1999",161.8,
"BRA","DEATHCANCER","TOT","100000PER","A","2000",161.1,
"BRA","DEATHCANCER","TOT","100000PER","A","2001",164.4,
"BRA","DEATHCANCER","TOT","100000PER","A","2002",164.4,
"BRA","DEATHCANCER","TOT","100000PER","A","2003",165.2,
"BRA","DEATHCANCER","TOT","100000PER","A","2004",167.2,
"BRA","DEATHCANCER","TOT","100000PER","A","2005",170.1,
"BRA","DEATHCANCER","TOT","100000PER","A","2006",173.6,
"BRA","DEATHCANCER","TOT","100000PER","A","2007",174.2,
"BRA","DEATHCANCER","TOT","100000PER","A","2008",174.5,
"BRA","DEATHCANCER","TOT","100000PER","A","2009",173.7,
"BRA","DEATHCANCER","TOT","100000PER","A","2010",175.5,
"BRA","DEATHCANCER","TOT","100000PER","A","2011",174.6,
"BRA","DEATHCANCER","TOT","100000PER","A","2012",175.1,
"BRA","DEATHCANCER","TOT","100000PER","A","2013",174.3,
"BRA","DEATHCANCER","TOT","100000PER","A","2014",173.3,
"BRA","DEATHCANCER","TOT","100000PER","A","2015",174.4,
"BRA","DEATHCANCER","TOT","100000PER","A","2016",176.6,
"BRA","DEATHCANCER","TOT","100000PER","A","2017",175.5,
"BRA","DEATHCANCER","TOT","100000PER","A","2018",174.1,
"BRA","DEATHCANCER","TOT","100000PER","A","2019",173.7,
"BRA","DEATHCANCER","TOT","100000PER","A","2020",178.1,
"CHL","DEATHCANCER","TOT","100000PER","A","1990",257.5,
"CHL","DEATHCANCER","TOT","100000PER","A","1991",258.5,
"CHL","DEATHCANCER","TOT","100000PER","A","1992",256.9,
"CHL","DEATHCANCER","TOT","100000PER","A","1993",259.9,
"CHL","DEATHCANCER","TOT","100000PER","A","1994",257.2,
"CHL","DEATHCANCER","TOT","100000PER","A","1995",255.4,
"CHL","DEATHCANCER","TOT","100000PER","A","1996",253.8,
"CHL","DEATHCANCER","TOT","100000PER","A","1997",251.2,"B"
"CHL","DEATHCANCER","TOT","100000PER","A","1998",250.6,
"CHL","DEATHCANCER","TOT","100000PER","A","1999",248.9,
"CHL","DEATHCANCER","TOT","100000PER","A","2000",247.8,
"CHL","DEATHCANCER","TOT","100000PER","A","2001",237.5,
"CHL","DEATHCANCER","TOT","100000PER","A","2002",239.5,
"CHL","DEATHCANCER","TOT","100000PER","A","2003",238.2,
"CHL","DEATHCANCER","TOT","100000PER","A","2004",232.7,
"CHL","DEATHCANCER","TOT","100000PER","A","2005",232.4,
"CHL","DEATHCANCER","TOT","100000PER","A","2006",227.3,
"CHL","DEATHCANCER","TOT","100000PER","A","2007",218.5,
"CHL","DEATHCANCER","TOT","100000PER","A","2008",215.4,
"CHL","DEATHCANCER","TOT","100000PER","A","2009",224.2,
"CHL","DEATHCANCER","TOT","100000PER","A","2010",221.8,
"CHL","DEATHCANCER","TOT","100000PER","A","2011",219.4,
"CHL","DEATHCANCER","TOT","100000PER","A","2012",219.2,
"CHL","DEATHCANCER","TOT","100000PER","A","2013",213.1,
"CHL","DEATHCANCER","TOT","100000PER","A","2014",210.6,
"CHL","DEATHCANCER","TOT","100000PER","A","2015",209.8,
"CHL","DEATHCANCER","TOT","100000PER","A","2016",201.8,
"CHL","DEATHCANCER","TOT","100000PER","A","2017",196.5,
"CHL","DEATHCANCER","TOT","100000PER","A","2018",192.9,
"CHL","DEATHCANCER","TOT","100000PER","A","2019",186.1,
"CHL","DEATHCANCER","TOT","100000PER","A","2020",181.9,
"EST","DEATHCANCER","TOT","100000PER","A","1990",266.8,
"EST","DEATHCANCER","TOT","100000PER","A","1991",293,
"EST","DEATHCANCER","TOT","100000PER","A","1992",282.4,
"EST","DEATHCANCER","TOT","100000PER","A","1993",291.5,
"EST","DEATHCANCER","TOT","100000PER","A","1994",257.4,
"EST","DEATHCANCER","TOT","100000PER","A","1995",262.2,
"EST","DEATHCANCER","TOT","100000PER","A","1996",261.9,
"EST","DEATHCANCER","TOT","100000PER","A","1997",266.3,"B"
"EST","DEATHCANCER","TOT","100000PER","A","1998",272.9,
"EST","DEATHCANCER","TOT","100000PER","A","1999",257.8,
"EST","DEATHCANCER","TOT","100000PER","A","2000",260.9,
"EST","DEATHCANCER","TOT","100000PER","A","2001",254.4,
"EST","DEATHCANCER","TOT","100000PER","A","2002",262.6,
"EST","DEATHCANCER","TOT","100000PER","A","2003",255.2,
"EST","DEATHCANCER","TOT","100000PER","A","2004",263.5,
"EST","DEATHCANCER","TOT","100000PER","A","2005",262.1,
"EST","DEATHCANCER","TOT","100000PER","A","2006",265.2,
"EST","DEATHCANCER","TOT","100000PER","A","2007",258.6,
"EST","DEATHCANCER","TOT","100000PER","A","2008",257.6,
"EST","DEATHCANCER","TOT","100000PER","A","2009",254.5,
"EST","DEATHCANCER","TOT","100000PER","A","2010",253.4,
"EST","DEATHCANCER","TOT","100000PER","A","2011",255.6,
"EST","DEATHCANCER","TOT","100000PER","A","2012",253.2,
"EST","DEATHCANCER","TOT","100000PER","A","2013",251.4,
"EST","DEATHCANCER","TOT","100000PER","A","2014",257.8,
"EST","DEATHCANCER","TOT","100000PER","A","2015",255,
"EST","DEATHCANCER","TOT","100000PER","A","2016",246.2,
"EST","DEATHCANCER","TOT","100000PER","A","2017",247.8,
"EST","DEATHCANCER","TOT","100000PER","A","2018",248,
"EST","DEATHCANCER","TOT","100000PER","A","2019",238.5,
"EST","DEATHCANCER","TOT","100000PER","A","2020",228.3,
"EST","DEATHCANCER","TOT","100000PER","A","2021",228.1,
"ISR","DEATHCANCER","TOT","100000PER","A","1990",227.2,
"ISR","DEATHCANCER","TOT","100000PER","A","1991",228.5,
"ISR","DEATHCANCER","TOT","100000PER","A","1992",228.8,
"ISR","DEATHCANCER","TOT","100000PER","A","1993",243,
"ISR","DEATHCANCER","TOT","100000PER","A","1994",250.1,
"ISR","DEATHCANCER","TOT","100000PER","A","1995",253.3,
"ISR","DEATHCANCER","TOT","100000PER","A","1996",248.6,
"ISR","DEATHCANCER","TOT","100000PER","A","1997",237.9,
"ISR","DEATHCANCER","TOT","100000PER","A","1998",248.3,"B"
"ISR","DEATHCANCER","TOT","100000PER","A","1999",233.5,
"ISR","DEATHCANCER","TOT","100000PER","A","2000",232,
"ISR","DEATHCANCER","TOT","100000PER","A","2001",233.5,
"ISR","DEATHCANCER","TOT","100000PER","A","2002",231.9,
"ISR","DEATHCANCER","TOT","100000PER","A","2003",231.9,
"ISR","DEATHCANCER","TOT","100000PER","A","2004",220,
"ISR","DEATHCANCER","TOT","100000PER","A","2005",221.4,
"ISR","DEATHCANCER","TOT","100000PER","A","2006",216.9,
"ISR","DEATHCANCER","TOT","100000PER","A","2007",215.5,
"ISR","DEATHCANCER","TOT","100000PER","A","2008",213,
"ISR","DEATHCANCER","TOT","100000PER","A","2009",202.1,
"ISR","DEATHCANCER","TOT","100000PER","A","2010",205.5,
"ISR","DEATHCANCER","TOT","100000PER","A","2011",196.3,
"ISR","DEATHCANCER","TOT","100000PER","A","2012",199.6,
"ISR","DEATHCANCER","TOT","100000PER","A","2013",195.4,
"ISR","DEATHCANCER","TOT","100000PER","A","2014",194.2,
"ISR","DEATHCANCER","TOT","100000PER","A","2015",192.5,
"ISR","DEATHCANCER","TOT","100000PER","A","2016",186.2,
"ISR","DEATHCANCER","TOT","100000PER","A","2017",183.4,
"ISR","DEATHCANCER","TOT","100000PER","A","2018",181.9,
"ISR","DEATHCANCER","TOT","100000PER","A","2019",181.7,
"ISR","DEATHCANCER","TOT","100000PER","A","2020",176.8,
"RUS","DEATHCANCER","TOT","100000PER","A","1990",270.9,
"RUS","DEATHCANCER","TOT","100000PER","A","1991",272.5,
"RUS","DEATHCANCER","TOT","100000PER","A","1992",275.2,
"RUS","DEATHCANCER","TOT","100000PER","A","1993",277.9,
"RUS","DEATHCANCER","TOT","100000PER","A","1994",275.6,
"RUS","DEATHCANCER","TOT","100000PER","A","1995",269.4,
"RUS","DEATHCANCER","TOT","100000PER","A","1996",263.3,
"RUS","DEATHCANCER","TOT","100000PER","A","1997",262.4,
"RUS","DEATHCANCER","TOT","100000PER","A","1998",261.1,
"RUS","DEATHCANCER","TOT","100000PER","A","1999",244.6,"B"
"RUS","DEATHCANCER","TOT","100000PER","A","2000",243.9,
"RUS","DEATHCANCER","TOT","100000PER","A","2001",239.2,
"RUS","DEATHCANCER","TOT","100000PER","A","2002",236.9,
"RUS","DEATHCANCER","TOT","100000PER","A","2003",236.4,
"RUS","DEATHCANCER","TOT","100000PER","A","2004",235.8,
"RUS","DEATHCANCER","TOT","100000PER","A","2005",233.6,
"RUS","DEATHCANCER","TOT","100000PER","A","2006",231.2,
"RUS","DEATHCANCER","TOT","100000PER","A","2007",231.2,
"RUS","DEATHCANCER","TOT","100000PER","A","2008",230.9,
"RUS","DEATHCANCER","TOT","100000PER","A","2009",233.6,
"RUS","DEATHCANCER","TOT","100000PER","A","2010",228.7,
"RUS","DEATHCANCER","TOT","100000PER","A","2011",225.8,
"RUS","DEATHCANCER","TOT","100000PER","A","2012",221.5,
"RUS","DEATHCANCER","TOT","100000PER","A","2013",220.1,
"RUS","DEATHCANCER","TOT","100000PER","A","2014",220.9,
"RUS","DEATHCANCER","TOT","100000PER","A","2015",216.8,
"RUS","DEATHCANCER","TOT","100000PER","A","2019",205.3,
"SVN","DEATHCANCER","TOT","100000PER","A","1990",277.2,
"SVN","DEATHCANCER","TOT","100000PER","A","1991",292.9,
"SVN","DEATHCANCER","TOT","100000PER","A","1992",292.9,
"SVN","DEATHCANCER","TOT","100000PER","A","1993",302,
"SVN","DEATHCANCER","TOT","100000PER","A","1994",285,
"SVN","DEATHCANCER","TOT","100000PER","A","1995",290.4,
"SVN","DEATHCANCER","TOT","100000PER","A","1996",290.2,
"SVN","DEATHCANCER","TOT","100000PER","A","1997",301.4,"B"
"SVN","DEATHCANCER","TOT","100000PER","A","1998",290.5,
"SVN","DEATHCANCER","TOT","100000PER","A","1999",286.7,
"SVN","DEATHCANCER","TOT","100000PER","A","2000",282.7,
"SVN","DEATHCANCER","TOT","100000PER","A","2001",281.9,
"SVN","DEATHCANCER","TOT","100000PER","A","2002",284.5,
"SVN","DEATHCANCER","TOT","100000PER","A","2003",281.9,
"SVN","DEATHCANCER","TOT","100000PER","A","2004",276.3,
"SVN","DEATHCANCER","TOT","100000PER","A","2005",274.2,
"SVN","DEATHCANCER","TOT","100000PER","A","2006",276.9,
"SVN","DEATHCANCER","TOT","100000PER","A","2007",283.1,
"SVN","DEATHCANCER","TOT","100000PER","A","2008",284.3,
"SVN","DEATHCANCER","TOT","100000PER","A","2009",280.5,
"SVN","DEATHCANCER","TOT","100000PER","A","2010",279.3,
"SVN","DEATHCANCER","TOT","100000PER","A","2011",271.5,
"SVN","DEATHCANCER","TOT","100000PER","A","2012",263,
"SVN","DEATHCANCER","TOT","100000PER","A","2013",269.1,
"SVN","DEATHCANCER","TOT","100000PER","A","2014",255.3,
"SVN","DEATHCANCER","TOT","100000PER","A","2015",264.3,
"SVN","DEATHCANCER","TOT","100000PER","A","2016",261.1,
"SVN","DEATHCANCER","TOT","100000PER","A","2017",260.2,
"SVN","DEATHCANCER","TOT","100000PER","A","2018",266.1,
"SVN","DEATHCANCER","TOT","100000PER","A","2019",244.4,
"SVN","DEATHCANCER","TOT","100000PER","A","2020",247.4,
"ZAF","DEATHCANCER","TOT","100000PER","A","1996",225.9,"B"
"ZAF","DEATHCANCER","TOT","100000PER","A","1997",226.4,
"ZAF","DEATHCANCER","TOT","100000PER","A","1998",230.2,
"ZAF","DEATHCANCER","TOT","100000PER","A","1999",232.9,
"ZAF","DEATHCANCER","TOT","100000PER","A","2000",231,
"ZAF","DEATHCANCER","TOT","100000PER","A","2001",223,
"ZAF","DEATHCANCER","TOT","100000PER","A","2002",219.5,
"ZAF","DEATHCANCER","TOT","100000PER","A","2003",219.4,
"ZAF","DEATHCANCER","TOT","100000PER","A","2004",216.7,
"ZAF","DEATHCANCER","TOT","100000PER","A","2005",216,
"ZAF","DEATHCANCER","TOT","100000PER","A","2006",207.2,
"ZAF","DEATHCANCER","TOT","100000PER","A","2007",206,
"ZAF","DEATHCANCER","TOT","100000PER","A","2008",197.4,
"ZAF","DEATHCANCER","TOT","100000PER","A","2009",200,
"ZAF","DEATHCANCER","TOT","100000PER","A","2010",199.7,
"ZAF","DEATHCANCER","TOT","100000PER","A","2011",199.8,
"ZAF","DEATHCANCER","TOT","100000PER","A","2012",195.3,
"ZAF","DEATHCANCER","TOT","100000PER","A","2013",189.5,
"ZAF","DEATHCANCER","TOT","100000PER","A","2014",190.4,
"ZAF","DEATHCANCER","TOT","100000PER","A","2015",202.4,
"ZAF","DEATHCANCER","TOT","100000PER","A","2016",202.5,
"ZAF","DEATHCANCER","TOT","100000PER","A","2017",194.7,
"ZAF","DEATHCANCER","TOT","100000PER","A","2018",191.8,
"COL","DEATHCANCER","TOT","100000PER","A","1990",192.4,
"COL","DEATHCANCER","TOT","100000PER","A","1991",194.4,
"COL","DEATHCANCER","TOT","100000PER","A","1992",196.6,
"COL","DEATHCANCER","TOT","100000PER","A","1993",189.8,
"COL","DEATHCANCER","TOT","100000PER","A","1994",191.3,
"COL","DEATHCANCER","TOT","100000PER","A","1995",191.1,
"COL","DEATHCANCER","TOT","100000PER","A","1996",191.9,
"COL","DEATHCANCER","TOT","100000PER","A","1997",193.3,"B"
"COL","DEATHCANCER","TOT","100000PER","A","1998",192.9,
"COL","DEATHCANCER","TOT","100000PER","A","1999",195.1,
"COL","DEATHCANCER","TOT","100000PER","A","2000",194.8,
"COL","DEATHCANCER","TOT","100000PER","A","2001",188.1,
"COL","DEATHCANCER","TOT","100000PER","A","2002",189.7,
"COL","DEATHCANCER","TOT","100000PER","A","2003",192.9,
"COL","DEATHCANCER","TOT","100000PER","A","2004",188.2,
"COL","DEATHCANCER","TOT","100000PER","A","2005",169.1,
"COL","DEATHCANCER","TOT","100000PER","A","2006",181.5,
"COL","DEATHCANCER","TOT","100000PER","A","2007",182.1,
"COL","DEATHCANCER","TOT","100000PER","A","2008",177,
"COL","DEATHCANCER","TOT","100000PER","A","2009",173.2,
"COL","DEATHCANCER","TOT","100000PER","A","2010",170.9,
"COL","DEATHCANCER","TOT","100000PER","A","2011",160.4,
"COL","DEATHCANCER","TOT","100000PER","A","2012",162.9,
"COL","DEATHCANCER","TOT","100000PER","A","2013",164.5,
"COL","DEATHCANCER","TOT","100000PER","A","2014",168,
"COL","DEATHCANCER","TOT","100000PER","A","2015",167.8,
"COL","DEATHCANCER","TOT","100000PER","A","2016",153.9,
"COL","DEATHCANCER","TOT","100000PER","A","2017",154.5,
"COL","DEATHCANCER","TOT","100000PER","A","2018",152.3,
"COL","DEATHCANCER","TOT","100000PER","A","2019",152.6,
"COL","DEATHCANCER","TOT","100000PER","A","2020",165.7,
"LVA","DEATHCANCER","TOT","100000PER","A","1990",269.4,
"LVA","DEATHCANCER","TOT","100000PER","A","1991",271,
"LVA","DEATHCANCER","TOT","100000PER","A","1992",268.3,
"LVA","DEATHCANCER","TOT","100000PER","A","1993",265.7,
"LVA","DEATHCANCER","TOT","100000PER","A","1994",274.7,
"LVA","DEATHCANCER","TOT","100000PER","A","1995",271.2,
"LVA","DEATHCANCER","TOT","100000PER","A","1996",250.3,
"LVA","DEATHCANCER","TOT","100000PER","A","1997",248.3,
"LVA","DEATHCANCER","TOT","100000PER","A","1998",256.7,
"LVA","DEATHCANCER","TOT","100000PER","A","1999",259.8,
"LVA","DEATHCANCER","TOT","100000PER","A","2000",254.7,
"LVA","DEATHCANCER","TOT","100000PER","A","2001",260.3,
"LVA","DEATHCANCER","TOT","100000PER","A","2002",254.8,
"LVA","DEATHCANCER","TOT","100000PER","A","2003",260.2,
"LVA","DEATHCANCER","TOT","100000PER","A","2004",258.7,
"LVA","DEATHCANCER","TOT","100000PER","A","2005",262.4,
"LVA","DEATHCANCER","TOT","100000PER","A","2006",270.6,
"LVA","DEATHCANCER","TOT","100000PER","A","2007",265,
"LVA","DEATHCANCER","TOT","100000PER","A","2008",260.5,
"LVA","DEATHCANCER","TOT","100000PER","A","2009",265.3,
"LVA","DEATHCANCER","TOT","100000PER","A","2010",268,
"LVA","DEATHCANCER","TOT","100000PER","A","2011",261.7,
"LVA","DEATHCANCER","TOT","100000PER","A","2012",265.2,
"LVA","DEATHCANCER","TOT","100000PER","A","2013",261.6,
"LVA","DEATHCANCER","TOT","100000PER","A","2014",260.9,
"LVA","DEATHCANCER","TOT","100000PER","A","2015",255.7,
"LVA","DEATHCANCER","TOT","100000PER","A","2016",255.4,
"LVA","DEATHCANCER","TOT","100000PER","A","2017",258.5,
"LVA","DEATHCANCER","TOT","100000PER","A","2018",256.1,
"LVA","DEATHCANCER","TOT","100000PER","A","2019",254.3,
"LVA","DEATHCANCER","TOT","100000PER","A","2020",256.2,
"LVA","DEATHCANCER","TOT","100000PER","A","2021",245.8,
"LTU","DEATHCANCER","TOT","100000PER","A","1990",267.9,
"LTU","DEATHCANCER","TOT","100000PER","A","1991",269.1,
"LTU","DEATHCANCER","TOT","100000PER","A","1992",275.7,
"LTU","DEATHCANCER","TOT","100000PER","A","1993",259.1,
"LTU","DEATHCANCER","TOT","100000PER","A","1994",256.1,
"LTU","DEATHCANCER","TOT","100000PER","A","1995",260.4,
"LTU","DEATHCANCER","TOT","100000PER","A","1996",257,
"LTU","DEATHCANCER","TOT","100000PER","A","1997",253.4,
"LTU","DEATHCANCER","TOT","100000PER","A","1998",258.4,
"LTU","DEATHCANCER","TOT","100000PER","A","1999",262.2,
"LTU","DEATHCANCER","TOT","100000PER","A","2000",262.2,
"LTU","DEATHCANCER","TOT","100000PER","A","2001",262.3,
"LTU","DEATHCANCER","TOT","100000PER","A","2002",258.8,
"LTU","DEATHCANCER","TOT","100000PER","A","2003",255.7,
"LTU","DEATHCANCER","TOT","100000PER","A","2004",255.2,
"LTU","DEATHCANCER","TOT","100000PER","A","2005",257.6,
"LTU","DEATHCANCER","TOT","100000PER","A","2006",257.8,
"LTU","DEATHCANCER","TOT","100000PER","A","2007",260.5,
"LTU","DEATHCANCER","TOT","100000PER","A","2008",259.4,
"LTU","DEATHCANCER","TOT","100000PER","A","2009",253.8,
"LTU","DEATHCANCER","TOT","100000PER","A","2010",251.4,
"LTU","DEATHCANCER","TOT","100000PER","A","2011",250.3,
"LTU","DEATHCANCER","TOT","100000PER","A","2012",245.4,
"LTU","DEATHCANCER","TOT","100000PER","A","2013",240,
"LTU","DEATHCANCER","TOT","100000PER","A","2014",243.1,
"LTU","DEATHCANCER","TOT","100000PER","A","2015",252.1,
"LTU","DEATHCANCER","TOT","100000PER","A","2016",247,
"LTU","DEATHCANCER","TOT","100000PER","A","2017",239.3,
"LTU","DEATHCANCER","TOT","100000PER","A","2018",239.4,
"LTU","DEATHCANCER","TOT","100000PER","A","2019",238.2,
"LTU","DEATHCANCER","TOT","100000PER","A","2020",241.3,
"LTU","DEATHCANCER","TOT","100000PER","A","2021",226,
"CRI","DEATHCANCER","TOT","100000PER","A","1990",260.8,
"CRI","DEATHCANCER","TOT","100000PER","A","1991",270.6,
"CRI","DEATHCANCER","TOT","100000PER","A","1992",279.7,
"CRI","DEATHCANCER","TOT","100000PER","A","1993",274.9,
"CRI","DEATHCANCER","TOT","100000PER","A","1994",270.8,
"CRI","DEATHCANCER","TOT","100000PER","A","1995",273.4,
"CRI","DEATHCANCER","TOT","100000PER","A","1996",221.9,
"CRI","DEATHCANCER","TOT","100000PER","A","1997",205.2,"B"
"CRI","DEATHCANCER","TOT","100000PER","A","1998",208.9,
"CRI","DEATHCANCER","TOT","100000PER","A","1999",208.1,
"CRI","DEATHCANCER","TOT","100000PER","A","2000",201.6,
"CRI","DEATHCANCER","TOT","100000PER","A","2001",212.2,
"CRI","DEATHCANCER","TOT","100000PER","A","2002",187.6,
"CRI","DEATHCANCER","TOT","100000PER","A","2003",199.2,
"CRI","DEATHCANCER","TOT","100000PER","A","2004",196.4,
"CRI","DEATHCANCER","TOT","100000PER","A","2005",178.4,
"CRI","DEATHCANCER","TOT","100000PER","A","2006",179.3,
"CRI","DEATHCANCER","TOT","100000PER","A","2007",167.4,
"CRI","DEATHCANCER","TOT","100000PER","A","2008",163.3,
"CRI","DEATHCANCER","TOT","100000PER","A","2009",163.4,
"CRI","DEATHCANCER","TOT","100000PER","A","2010",184.3,
"CRI","DEATHCANCER","TOT","100000PER","A","2011",175.4,
"CRI","DEATHCANCER","TOT","100000PER","A","2012",172,
"CRI","DEATHCANCER","TOT","100000PER","A","2013",170.3,
"CRI","DEATHCANCER","TOT","100000PER","A","2014",169,
"CRI","DEATHCANCER","TOT","100000PER","A","2015",164.4,
"CRI","DEATHCANCER","TOT","100000PER","A","2016",165,
"CRI","DEATHCANCER","TOT","100000PER","A","2017",161.4,
"CRI","DEATHCANCER","TOT","100000PER","A","2018",167,
"CRI","DEATHCANCER","TOT","100000PER","A","2019",158.4,
"CRI","DEATHCANCER","TOT","100000PER","A","2020",160.4,
"ARG","DEATHCANCER","TOT","100000PER","A","1990",244.9,
"ARG","DEATHCANCER","TOT","100000PER","A","1991",249.9,
"ARG","DEATHCANCER","TOT","100000PER","A","1992",248.5,
"ARG","DEATHCANCER","TOT","100000PER","A","1993",248.8,
"ARG","DEATHCANCER","TOT","100000PER","A","1994",249.3,
"ARG","DEATHCANCER","TOT","100000PER","A","1995",247.3,
"ARG","DEATHCANCER","TOT","100000PER","A","1996",255.3,
"ARG","DEATHCANCER","TOT","100000PER","A","1997",241.1,"B"
"ARG","DEATHCANCER","TOT","100000PER","A","1998",243.6,
"ARG","DEATHCANCER","TOT","100000PER","A","1999",241.1,
"ARG","DEATHCANCER","TOT","100000PER","A","2000",238.7,
"ARG","DEATHCANCER","TOT","100000PER","A","2001",234,
"ARG","DEATHCANCER","TOT","100000PER","A","2002",227.5,
"ARG","DEATHCANCER","TOT","100000PER","A","2003",231.3,
"ARG","DEATHCANCER","TOT","100000PER","A","2004",227,
"ARG","DEATHCANCER","TOT","100000PER","A","2005",229.2,
"ARG","DEATHCANCER","TOT","100000PER","A","2006",227.2,
"ARG","DEATHCANCER","TOT","100000PER","A","2007",224.4,
"ARG","DEATHCANCER","TOT","100000PER","A","2008",218,
"ARG","DEATHCANCER","TOT","100000PER","A","2009",216.4,
"ARG","DEATHCANCER","TOT","100000PER","A","2010",216,
"ARG","DEATHCANCER","TOT","100000PER","A","2011",210.6,
"ARG","DEATHCANCER","TOT","100000PER","A","2012",211.8,
"ARG","DEATHCANCER","TOT","100000PER","A","2013",210.4,
"ARG","DEATHCANCER","TOT","100000PER","A","2014",208.9,
"ARG","DEATHCANCER","TOT","100000PER","A","2015",212.3,
"ARG","DEATHCANCER","TOT","100000PER","A","2016",207.7,
"ARG","DEATHCANCER","TOT","100000PER","A","2017",204.6,
"ARG","DEATHCANCER","TOT","100000PER","A","2018",195.5,
"ARG","DEATHCANCER","TOT","100000PER","A","2019",195.3,
"ARG","DEATHCANCER","TOT","100000PER","A","2020",176.8,
"BGR","DEATHCANCER","TOT","100000PER","A","1990",193.7,
"BGR","DEATHCANCER","TOT","100000PER","A","1991",197.3,
"BGR","DEATHCANCER","TOT","100000PER","A","1992",200.8,
"BGR","DEATHCANCER","TOT","100000PER","A","1993",201.2,
"BGR","DEATHCANCER","TOT","100000PER","A","1994",206.7,
"BGR","DEATHCANCER","TOT","100000PER","A","1995",204.9,
"BGR","DEATHCANCER","TOT","100000PER","A","1996",205.3,
"BGR","DEATHCANCER","TOT","100000PER","A","1997",203.9,
"BGR","DEATHCANCER","TOT","100000PER","A","1998",201.7,
"BGR","DEATHCANCER","TOT","100000PER","A","1999",200.9,
"BGR","DEATHCANCER","TOT","100000PER","A","2000",193.1,
"BGR","DEATHCANCER","TOT","100000PER","A","2001",195,
"BGR","DEATHCANCER","TOT","100000PER","A","2002",198.9,
"BGR","DEATHCANCER","TOT","100000PER","A","2003",195.7,
"BGR","DEATHCANCER","TOT","100000PER","A","2004",201.2,
"BGR","DEATHCANCER","TOT","100000PER","A","2005",221.2,"B"
"BGR","DEATHCANCER","TOT","100000PER","A","2006",217.3,
"BGR","DEATHCANCER","TOT","100000PER","A","2007",220.4,
"BGR","DEATHCANCER","TOT","100000PER","A","2008",222.7,
"BGR","DEATHCANCER","TOT","100000PER","A","2009",209,
"BGR","DEATHCANCER","TOT","100000PER","A","2010",203.2,
"BGR","DEATHCANCER","TOT","100000PER","A","2011",204.3,
"BGR","DEATHCANCER","TOT","100000PER","A","2012",218.5,
"BGR","DEATHCANCER","TOT","100000PER","A","2013",216.2,
"BGR","DEATHCANCER","TOT","100000PER","A","2014",214.2,
"BGR","DEATHCANCER","TOT","100000PER","A","2015",213.3,
"BGR","DEATHCANCER","TOT","100000PER","A","2016",203.7,
"BGR","DEATHCANCER","TOT","100000PER","A","2017",204.3,
"BGR","DEATHCANCER","TOT","100000PER","A","2018",204.3,
"BGR","DEATHCANCER","TOT","100000PER","A","2019",212.9,
"BGR","DEATHCANCER","TOT","100000PER","A","2020",214.7,
"HRV","DEATHCANCER","TOT","100000PER","A","1990",282.6,
"HRV","DEATHCANCER","TOT","100000PER","A","1991",272.5,
"HRV","DEATHCANCER","TOT","100000PER","A","1992",265.5,
"HRV","DEATHCANCER","TOT","100000PER","A","1993",271.3,
"HRV","DEATHCANCER","TOT","100000PER","A","1994",269.9,
"HRV","DEATHCANCER","TOT","100000PER","A","1995",265,"B"
"HRV","DEATHCANCER","TOT","100000PER","A","1996",292.2,
"HRV","DEATHCANCER","TOT","100000PER","A","1997",300.1,
"HRV","DEATHCANCER","TOT","100000PER","A","1998",318.5,
"HRV","DEATHCANCER","TOT","100000PER","A","1999",318.6,
"HRV","DEATHCANCER","TOT","100000PER","A","2000",332.3,
"HRV","DEATHCANCER","TOT","100000PER","A","2001",276.9,
"HRV","DEATHCANCER","TOT","100000PER","A","2002",287.8,
"HRV","DEATHCANCER","TOT","100000PER","A","2003",292.4,
"HRV","DEATHCANCER","TOT","100000PER","A","2004",282.9,
"HRV","DEATHCANCER","TOT","100000PER","A","2005",291,
"HRV","DEATHCANCER","TOT","100000PER","A","2006",288.3,
"HRV","DEATHCANCER","TOT","100000PER","A","2007",286.5,
"HRV","DEATHCANCER","TOT","100000PER","A","2008",289.8,
"HRV","DEATHCANCER","TOT","100000PER","A","2009",292.6,
"HRV","DEATHCANCER","TOT","100000PER","A","2010",292.5,
"HRV","DEATHCANCER","TOT","100000PER","A","2011",294.2,
"HRV","DEATHCANCER","TOT","100000PER","A","2012",292.4,
"HRV","DEATHCANCER","TOT","100000PER","A","2013",290.8,
"HRV","DEATHCANCER","TOT","100000PER","A","2014",290.8,
"HRV","DEATHCANCER","TOT","100000PER","A","2015",290.2,
"HRV","DEATHCANCER","TOT","100000PER","A","2016",288.9,
"HRV","DEATHCANCER","TOT","100000PER","A","2017",278.9,
"HRV","DEATHCANCER","TOT","100000PER","A","2019",269,
"HRV","DEATHCANCER","TOT","100000PER","A","2020",261.8,
"PER","DEATHCANCER","TOT","100000PER","A","1990",100.1,
"PER","DEATHCANCER","TOT","100000PER","A","1991",92.2,
"PER","DEATHCANCER","TOT","100000PER","A","1992",126.7,
"PER","DEATHCANCER","TOT","100000PER","A","1994",116.2,
"PER","DEATHCANCER","TOT","100000PER","A","1995",147.9,
"PER","DEATHCANCER","TOT","100000PER","A","1996",155,
"PER","DEATHCANCER","TOT","100000PER","A","1997",146.5,
"PER","DEATHCANCER","TOT","100000PER","A","1998",147.1,
"PER","DEATHCANCER","TOT","100000PER","A","1999",154.7,"B"
"PER","DEATHCANCER","TOT","100000PER","A","2000",161.8,
"PER","DEATHCANCER","TOT","100000PER","A","2001",136.6,
"PER","DEATHCANCER","TOT","100000PER","A","2002",139.4,
"PER","DEATHCANCER","TOT","100000PER","A","2003",144.1,
"PER","DEATHCANCER","TOT","100000PER","A","2004",160.5,
"PER","DEATHCANCER","TOT","100000PER","A","2005",170.3,
"PER","DEATHCANCER","TOT","100000PER","A","2006",152.6,
"PER","DEATHCANCER","TOT","100000PER","A","2007",154.4,
"PER","DEATHCANCER","TOT","100000PER","A","2008",158,
"PER","DEATHCANCER","TOT","100000PER","A","2009",154.4,
"PER","DEATHCANCER","TOT","100000PER","A","2010",154.5,
"PER","DEATHCANCER","TOT","100000PER","A","2011",144.2,
"PER","DEATHCANCER","TOT","100000PER","A","2012",141,
"PER","DEATHCANCER","TOT","100000PER","A","2013",135.2,
"PER","DEATHCANCER","TOT","100000PER","A","2014",135.7,
"PER","DEATHCANCER","TOT","100000PER","A","2015",128.6,
"PER","DEATHCANCER","TOT","100000PER","A","2016",111,
"PER","DEATHCANCER","TOT","100000PER","A","2017",120.3,
"PER","DEATHCANCER","TOT","100000PER","A","2018",131.8,
"PER","DEATHCANCER","TOT","100000PER","A","2019",146.8,
"PER","DEATHCANCER","TOT","100000PER","A","2020",157.1,
"ROU","DEATHCANCER","TOT","100000PER","A","1990",182.5,
"ROU","DEATHCANCER","TOT","100000PER","A","1991",185.2,
"ROU","DEATHCANCER","TOT","100000PER","A","1992",190.7,
"ROU","DEATHCANCER","TOT","100000PER","A","1993",196.9,
"ROU","DEATHCANCER","TOT","100000PER","A","1994",199.8,
"ROU","DEATHCANCER","TOT","100000PER","A","1995",202.2,
"ROU","DEATHCANCER","TOT","100000PER","A","1996",207.3,
"ROU","DEATHCANCER","TOT","100000PER","A","1997",209.7,
"ROU","DEATHCANCER","TOT","100000PER","A","1998",209.4,
"ROU","DEATHCANCER","TOT","100000PER","A","1999",209.9,"B"
"ROU","DEATHCANCER","TOT","100000PER","A","2000",216.5,
"ROU","DEATHCANCER","TOT","100000PER","A","2001",222.7,
"ROU","DEATHCANCER","TOT","100000PER","A","2002",226,
"ROU","DEATHCANCER","TOT","100000PER","A","2003",226.7,
"ROU","DEATHCANCER","TOT","100000PER","A","2004",226.3,
"ROU","DEATHCANCER","TOT","100000PER","A","2005",229.7,
"ROU","DEATHCANCER","TOT","100000PER","A","2006",230.4,
"ROU","DEATHCANCER","TOT","100000PER","A","2007",228.3,
"ROU","DEATHCANCER","TOT","100000PER","A","2008",231.3,
"ROU","DEATHCANCER","TOT","100000PER","A","2009",234.5,
"ROU","DEATHCANCER","TOT","100000PER","A","2010",233.9,
"ROU","DEATHCANCER","TOT","100000PER","A","2011",235.7,
"ROU","DEATHCANCER","TOT","100000PER","A","2012",237.8,
"ROU","DEATHCANCER","TOT","100000PER","A","2013",239.1,
"ROU","DEATHCANCER","TOT","100000PER","A","2014",241.3,
"ROU","DEATHCANCER","TOT","100000PER","A","2015",243.2,
"ROU","DEATHCANCER","TOT","100000PER","A","2016",244.5,
"ROU","DEATHCANCER","TOT","100000PER","A","2017",242.8,
"ROU","DEATHCANCER","TOT","100000PER","A","2018",240.4,
"ROU","DEATHCANCER","TOT","100000PER","A","2019",231.9,
